"p1","p2","low","est","high","dof","season","year"
"aa_dry_1997","rr_dry_1997",0.14965481809127,0.419685104479431,0.788358237888092,8.04877278835318,"dry","1997"
"aa_dry_2001","rr_dry_2001",0.265934929870474,0.567675592919617,0.879983474071271,6.54075462993124,"dry","2001"
"aa_dry_2002","rr_dry_2002",0.235466827133112,0.413599793408238,0.633039397379638,24.1423566111085,"dry","2002"
"aa_dry_2003","ff_dry_2003",0.112010754090296,0.23815028247178,0.432462256524618,34.3206737500308,"dry","2003"
"aa_dry_2003","rr_dry_2003",0.276342082878238,0.476326485058313,0.707710421279878,18.7667220565271,"dry","2003"
"aa_dry_2004","ff_dry_2004",0.0240160627687371,0.0834889466945737,0.225871290843814,37.3708668985382,"dry","2004"
"aa_dry_2004","fl_dry_2004",0.0126037792853775,0.0741013100762329,0.276224684632559,21.487708594946,"dry","2004"
"aa_dry_2004","rr_dry_2004",0.334341788065479,0.511479274365298,0.705596807518726,24.4149781837787,"dry","2004"
"aa_dry_2005","ff_dry_2005",0.0509000686416808,0.118852381543174,0.241134529531897,57.2680228732201,"dry","2005"
"aa_dry_2005","fl_dry_2005",0.0329054994469584,0.0909679606872481,0.21051131111209,50.9247643148377,"dry","2005"
"aa_dry_2005","mk_dry_2005",0.0913215895833736,0.26610451449037,0.566473797660243,15.8234704911645,"dry","2005"
"aa_dry_2005","rr_dry_2005",0.302853008590983,0.61997195082885,0.916406975777422,5.39373678954963,"dry","2005"
"aa_dry_2006","ff_dry_2006",1.15612831170537e-14,2.78080511346747e-13,5.67808245904743e-12,668.588001648365,"dry","2006"
"aa_dry_2006","fl_dry_2006",1.04657104259431e-05,8.16993404566946e-05,0.000521950711486385,177.787648120776,"dry","2006"
"aa_dry_2006","mk_dry_2006",0.00168247273019116,0.00904243779368,0.0376970560543934,70.0425140273762,"dry","2006"
"aa_dry_2006","rr_dry_2006",0.0742336635035578,0.142212804581158,0.248388449974626,79.7942983283977,"dry","2006"
"aa_dry_2007","ff_dry_2007",1.0470384206291e-14,1.19611164196013e-12,9.41479672373469e-11,279.071501001709,"dry","2007"
"aa_dry_2007","fl_dry_2007",1.14849050229078e-12,2.19743839403819e-11,3.56339474472879e-10,561.912973560272,"dry","2007"
"aa_dry_2007","mk_dry_2007",0.0221681025241787,0.117882192475593,0.388533626992601,16.7829382599432,"dry","2007"
"aa_dry_2007","rr_dry_2007",0.0635515196659103,0.153355031874934,0.312876749748582,42.1743346036582,"dry","2007"
"aa_dry_2008","cu_dry_2008",0.000136960743879656,0.00685796187242806,0.111538176955452,16.6346154717125,"dry","2008"
"aa_dry_2008","ff_dry_2008",0.00020497061987421,0.00288103673595716,0.0248717112034678,45.317633264607,"dry","2008"
"aa_dry_2008","fl_dry_2008",0.000387473861405086,0.00461858838771119,0.034592110015102,43.7002628334393,"dry","2008"
"aa_dry_2008","rf_dry_2008",1.99014647140390e-12,9.06684712395248e-09,8.65838029446911e-06,44.7553893156145,"dry","2008"
"aa_dry_2008","rr_dry_2008",0.180888186257098,0.325884131366011,0.519182219282119,34.401963344968,"dry","2008"
"aa_dry_2009","cu_dry_2009",0.00181145584049101,0.0233347755236167,0.155832624487306,21.5206484518274,"dry","2009"
"aa_dry_2009","ff_dry_2009",0.0342030060388806,0.154274421222133,0.447514351979421,15.8887322792071,"dry","2009"
"aa_dry_2009","fl_dry_2009",0.00462812266324321,0.0324110928698409,0.147186778080965,29.846635389228,"dry","2009"
"aa_dry_2009","rf_dry_2009",2.16818166048225e-05,0.00179573852932953,0.0466545533104562,20.5107636269734,"dry","2009"
"aa_dry_2009","rr_dry_2009",0.191719202069978,0.360467876672048,0.582990500622714,25.519540512163,"dry","2009"
"aa_dry_2010","ff_dry_2010",0.000250947686982862,0.0231828778475671,0.363382578392351,7.87941469859424,"dry","2010"
"aa_dry_2010","fl_dry_2010",2.35985779132135e-06,5.41332205006421e-05,0.000808937613227484,86.7000951232721,"dry","2010"
"aa_dry_2010","nm_dry_2010",0.0131306574477686,0.084985528585442,0.3263800271861,17.7434224879937,"dry","2010"
"aa_dry_2010","rr_dry_2010",0.111539471273509,0.236994451026999,0.430377995819552,34.5879660906613,"dry","2010"
"aa_dry_2010","sp_dry_2010",0.000247791844587216,0.00257046232159315,0.0181842383152303,58.8798323590806,"dry","2010"
"aa_dry_2011","ff_dry_2011",0.000237896271039462,0.00269172815936091,0.0201672358301517,54.2397681675768,"dry","2011"
"aa_dry_2011","nm_dry_2011",0.0765811101178832,0.199433223617103,0.416443530275946,27.5087537060655,"dry","2011"
"aa_dry_2011","rr_dry_2011",0.088939232354054,0.300855682244557,0.666311009777859,10.5879165915624,"dry","2011"
"aa_dry_2012","ff_dry_2012",0.00065983483159092,0.00538408860162015,0.0309392856213106,56.3026222053603,"dry","2012"
"aa_dry_2012","fl_dry_2012",6.19348409520918e-10,9.23988045814767e-09,1.14919952484761e-07,385.148381884128,"dry","2012"
"aa_dry_2012","nm_dry_2012",0.0562764012686501,0.207173458502135,0.516506624137245,15.1499963062561,"dry","2012"
"aa_dry_2012","rf_dry_2012",1.55201464252447e-08,6.61395532280853e-06,0.000823666419609778,36.5815177954496,"dry","2012"
"aa_dry_2012","rr_dry_2012",0.0454196219893387,0.181715249550231,0.482964403083467,15.6447782131218,"dry","2012"
"aa_dry_2012","sp_dry_2012",2.71229739515319e-05,0.000823055499561288,0.0128763578932479,40.4687094327545,"dry","2012"
"aa_dry_2014","fl_dry_2014",0.0171126343457082,0.0441438409268424,0.100573994940261,95.0399753248065,"dry","2014"
"aa_dry_2014","rr_dry_2014",0.213595211518506,0.482133821369456,0.803908420559815,8.96732163510236,"dry","2014"
"aa_dry_2015","ce_dry_2015",5.04864858889234e-09,2.09879990684127e-05,0.00818429143813723,17.0928583767334,"dry","2015"
"aa_dry_2015","ff_dry_2015",0.00153822094186609,0.0184991751936808,0.122498041992029,25.1836792074587,"dry","2015"
"aa_dry_2015","fl_dry_2015",0.000478679694157182,0.00253815360943995,0.0109867626805292,111.443332228964,"dry","2015"
"aa_dry_2015","rr_dry_2015",0.116870108158012,0.456718026666623,0.903295352876888,4.18388718749048,"dry","2015"
"aa_dry_2016","ce_dry_2016",0.00894791832699154,0.0716110746916825,0.314657454661106,16.5075943438666,"dry","2016"
"aa_dry_2016","fl_dry_2016",0.000314075964291301,0.00246544253667881,0.0143308101672505,75.5808744341363,"dry","2016"
"aa_dry_2018","ce_dry_2018",0.0277358027940207,0.110091409622294,0.313723321783342,25.0765867444858,"dry","2018"
"aa_dry_2018","rf_dry_2018",1.67814472371101e-06,0.000307721018507075,0.0156263886696386,23.710961238363,"dry","2018"
"aa_dry_2018","rr_dry_2018",0.260314706912639,0.711789405752063,0.995096444188169,1.70002147466563,"dry","2018"
"aa_dry_2018","sp_dry_2018",0.00982608807947466,0.10702352102315,0.492561618340577,9.67108863504443,"dry","2018"
"aa_wet_1999","rr_wet_1999",0.276536703506434,0.731609685767392,0.996794317592246,1.55867828115209,"wet","1999"
"aa_wet_2001","rr_wet_2001",0.106408129764243,0.325457214808479,0.678464611575766,10.9382880377723,"wet","2001"
"aa_wet_2002","ff_wet_2002",0.0764070692791573,0.14639791872387,0.255415338538026,77.5522997225804,"wet","2002"
"aa_wet_2002","rr_wet_2002",0.37622729265987,0.55359738080666,0.739893115791504,23.1441814540516,"wet","2002"
"aa_wet_2003","ff_wet_2003",0.139688915795977,0.203544389656767,0.285110412759247,152.639869304202,"wet","2003"
"aa_wet_2003","fl_wet_2003",0.601002534311838,0.827089587047738,0.973571740193773,4.42892256434657,"wet","2003"
"aa_wet_2003","rr_wet_2003",0.283612425205997,0.404774694154054,0.544958445822323,58.5845276712808,"wet","2003"
"aa_wet_2004","ff_wet_2004",0.0349520557713373,0.0876935078054649,0.190168364362791,63.0955401253532,"wet","2004"
"aa_wet_2004","fl_wet_2004",0.0781754839162326,0.147727527736388,0.255039329207769,80.0324590962599,"wet","2004"
"aa_wet_2004","mk_wet_2004",0.121529699204328,0.237957432754303,0.410098707287382,42.4709550370728,"wet","2004"
"aa_wet_2004","rr_wet_2004",0.219265978595014,0.348981047976478,0.510655099556582,47.3034349248555,"wet","2004"
"aa_wet_2005","ff_wet_2005",0.0533707737415128,0.122675227558762,0.245751968727025,57.6694649622752,"wet","2005"
"aa_wet_2005","fl_wet_2005",0.169915661182469,0.321465578434037,0.52834703071297,30.4049152516857,"wet","2005"
"aa_wet_2005","mk_wet_2005",0.0484518256283065,0.103039987579959,0.196908971095677,80.3814454499496,"wet","2005"
"aa_wet_2005","rr_wet_2005",0.345617598831242,0.497187380662969,0.663283613127045,34.9652976463589,"wet","2005"
"aa_wet_2006","ff_wet_2006",0.0387335774316217,0.0887693628371913,0.180304207360056,75.8495059708089,"wet","2006"
"aa_wet_2006","fl_wet_2006",0.0238805762965035,0.0892221977216669,0.2509357036711,32.0907895616638,"wet","2006"
"aa_wet_2006","mk_wet_2006",0.0342523785905567,0.078452044383044,0.160094990046591,83.3790571566173,"wet","2006"
"aa_wet_2006","rr_wet_2006",0.173308613552914,0.292212831330119,0.44964025138897,50.8256181682536,"wet","2006"
"aa_wet_2007","cu_wet_2007",2.28679664952123e-06,1.51348655636344e-05,8.64993479822438e-05,286.455268668044,"wet","2007"
"aa_wet_2007","ff_wet_2007",0.131025210439973,0.224577880929694,0.354601237445999,68.8077644189348,"wet","2007"
"aa_wet_2007","fl_wet_2007",0.0602046870900244,0.142177471917775,0.287508036791858,47.4869053256114,"wet","2007"
"aa_wet_2007","mk_wet_2007",0.00449961786800662,0.0256020869477289,0.10431095014222,41.4293691192225,"wet","2007"
"aa_wet_2007","rf_wet_2007",0.000116085314496634,0.000582142951111731,0.00249756315105477,180.71512770153,"wet","2007"
"aa_wet_2007","rr_wet_2007",0.171722631011302,0.292439058039885,0.453001588025703,49.0226574071665,"wet","2007"
"aa_wet_2008","cu_wet_2008",0.0185905583124787,0.0573102281622937,0.146860223536473,58.4651760689913,"wet","2008"
"aa_wet_2008","ff_wet_2008",0.0798675938442749,0.175108962776111,0.332287984061691,45.5531481033095,"wet","2008"
"aa_wet_2008","fl_wet_2008",0.0378538908294542,0.103796413944996,0.236834148459829,46.5558105960195,"wet","2008"
"aa_wet_2008","mk_wet_2008",0.0358371731348356,0.099865804820967,0.230930912035132,46.6435036789277,"wet","2008"
"aa_wet_2008","rf_wet_2008",1.26037339591733e-05,9.9306969068364e-05,0.000636771287291046,169.350773202867,"wet","2008"
"aa_wet_2008","rr_wet_2008",0.221562181456005,0.374720316420244,0.566877372498221,33.2009018928046,"wet","2008"
"aa_wet_2009","cu_wet_2009",0.000134520438045823,0.000569167039378788,0.0021236623312257,224.980979885029,"wet","2009"
"aa_wet_2009","ff_wet_2009",0.0375379693448039,0.0870656294656772,0.178541076803073,74.9511446685518,"wet","2009"
"aa_wet_2009","fl_wet_2009",0.035498301279022,0.106919030474601,0.258767900722693,38.5776014721078,"wet","2009"
"aa_wet_2009","mk_wet_2009",0.0073409333198467,0.0245571333387706,0.06942441607607,83.2975837295552,"wet","2009"
"aa_wet_2009","nm_wet_2009",0.107769100048934,0.195854932338086,0.32458783354047,66.8477328373606,"wet","2009"
"aa_wet_2009","rf_wet_2009",1.44209043705168e-05,0.000114856343403546,0.000740688652815895,162.663606452302,"wet","2009"
"aa_wet_2009","rr_wet_2009",0.224826834990648,0.320421461150932,0.435496788280962,90.7146468863664,"wet","2009"
"aa_wet_2010","cu_wet_2010",0.0132174039543935,0.0567965184565766,0.181434719209477,36.5005864528218,"wet","2010"
"aa_wet_2010","ff_wet_2010",0.0671323770136156,0.205639143596773,0.468118071413222,20.0352041336287,"wet","2010"
"aa_wet_2010","nm_wet_2010",0.294455337803608,0.433537649784765,0.593494820076474,43.3474033173606,"wet","2010"
"aa_wet_2010","rf_wet_2010",0.00188616970357975,0.0108582483610424,0.0470944142947669,60.3711833514374,"wet","2010"
"aa_wet_2010","rr_wet_2010",0.245079324529733,0.405727275309488,0.60124315141051,30.7022316548512,"wet","2010"
"aa_wet_2010","sp_wet_2010",0.0370307841319432,0.0787551057035244,0.15201662603527,99.1715702918127,"wet","2010"
"aa_wet_2011","cu_wet_2011",0.0194605760990684,0.0615686941449664,0.159960116295053,53.4659317295342,"wet","2011"
"aa_wet_2011","ff_wet_2011",0.199651650302834,0.351048845550349,0.547206508358139,32.779057330585,"wet","2011"
"aa_wet_2011","fl_wet_2011",0.0154977503383571,0.0375987435125322,0.0821493267676934,118.562892804895,"wet","2011"
"aa_wet_2011","mk_wet_2011",0.0571858879123592,0.144632970902408,0.30555800183075,40.5611934932518,"wet","2011"
"aa_wet_2011","nm_wet_2011",0.218609891388119,0.4254479535088,0.684608492801891,16.8763167481442,"wet","2011"
"aa_wet_2011","rf_wet_2011",1.33708670018754e-05,8.56281539376127e-05,0.000464558008970059,213.779786928227,"wet","2011"
"aa_wet_2011","rr_wet_2011",0.170654316648194,0.338908910198884,0.569611397224431,24.417511673783,"wet","2011"
"aa_wet_2011","sp_wet_2011",0.0235096739473538,0.0867440865308023,0.242746492449969,33.3516945058698,"wet","2011"
"aa_wet_2012","ce_wet_2012",0.0357050769820724,0.123805317300019,0.322017139603526,27.378381003521,"wet","2012"
"aa_wet_2012","fl_wet_2012",0.000460796261317526,0.00562248242621429,0.0421286179221283,40.1073493777087,"wet","2012"
"aa_wet_2012","rf_wet_2012",9.53392951165834e-08,3.03427511278809e-06,6.39741149315548e-05,116.753423584985,"wet","2012"
"aa_wet_2012","rr_wet_2012",0.15270018364694,0.296262530020015,0.498368634990448,32.1555345348603,"wet","2012"
"aa_wet_2013","ce_wet_2013",0.0616570352300489,0.275879677367129,0.695289041222289,8.3402618532856,"wet","2013"
"aa_wet_2013","ff_wet_2013",0.0356792957040167,0.13947726817108,0.382209561333549,20.8570986390112,"wet","2013"
"aa_wet_2013","fl_wet_2013",0.00442078549995307,0.0142562866962341,0.0399377369849879,114.263084832222,"wet","2013"
"aa_wet_2013","mk_wet_2013",0.0323946111609226,0.0960641638900937,0.232073918145762,43.1527775115522,"wet","2013"
"aa_wet_2013","nm_wet_2013",0.25403918189056,0.43933738783153,0.66152176720726,22.3487313569602,"wet","2013"
"aa_wet_2013","rr_wet_2013",0.0992429420282905,0.291442960391529,0.611947530202697,13.7706732559805,"wet","2013"
"aa_wet_2014","fl_wet_2014",0.0150817912592623,0.10282674861464,0.391596093117705,14.6455743167987,"wet","2014"
"aa_wet_2014","nm_wet_2014",0.265763919703915,0.457138138659854,0.682593970222151,20.8140345056659,"wet","2014"
"aa_wet_2014","rr_wet_2014",0.260348685425904,0.549381476649214,0.858726090969665,7.39974811351036,"wet","2014"
"aa_wet_2015","ff_wet_2015",0.090274955012072,0.250912377359312,0.526865775926658,18.530875829649,"wet","2015"
"aa_wet_2015","fl_wet_2015",0.0201048261830761,0.041461078167185,0.0794639238595428,164.491805316208,"wet","2015"
"aa_wet_2015","rr_wet_2015",0.0744776955544576,0.390857379713513,0.889235263522109,4.0814316307326,"wet","2015"
"aa_wet_2016","ff_wet_2016",0.0205575070873403,0.122004558156592,0.421292899815709,14.5642841849032,"wet","2016"
"aa_wet_2016","fl_wet_2016",0.0121053849017663,0.0528457831252605,0.171541845794459,37.452475484132,"wet","2016"
"aa_wet_2016","nm_wet_2016",0.227257654760329,0.452488398809228,0.72774805878983,13.9198764781061,"wet","2016"
"aa_wet_2016","rf_wet_2016",0.0109944089432618,0.0852685465502436,0.357571405035774,15.0168935860589,"wet","2016"
"aa_wet_2017","ce_wet_2017",0.0170971390597516,0.123373794163329,0.463864554644461,12.0059551733952,"wet","2017"
"aa_wet_2017","ff_wet_2017",3.98974580136215e-12,4.98018112095548e-10,3.82946137581789e-08,167.361612492885,"wet","2017"
"aa_wet_2017","fl_wet_2017",0.00310594798359091,0.0334676275685021,0.193059883733793,20.4482880939973,"wet","2017"
"aa_wet_2017","mk_wet_2017",0.000545726165533452,0.00405037505190838,0.0221037199554622,67.7259391242584,"wet","2017"
"aa_wet_2017","nm_wet_2017",0.0670610368229062,0.192261268074337,0.426000572183501,24.0956426278111,"wet","2017"
"aa_wet_2017","rf_wet_2017",2.15729508955543e-15,4.04427709709983e-13,4.90669242670471e-11,248.305375256419,"wet","2017"
"aa_wet_2017","rr_wet_2017",0.0191036694228523,0.0953314828522181,0.314138268369903,21.3071191279637,"wet","2017"
"aa_wet_2017","sp_wet_2017",0.0282250387888854,0.0916061330798617,0.235448320944117,38.6696359427389,"wet","2017"
"aa_wet_2018","fl_wet_2018",0.00133854365980536,0.00935445149464367,0.0467842017599772,52.7565547161044,"wet","2018"
"aa_wet_2018","rf_wet_2018",9.67404318932648e-10,5.47967736374817e-07,9.8990689521333e-05,47.6493939229251,"wet","2018"
"aa_wet_2019","ce_wet_2019",0.0051113463854754,0.0312986328029433,0.131412317179611,34.6334743375207,"wet","2019"
"aa_wet_2019","ff_wet_2019",7.03882577126037e-06,0.000375762640197712,0.00897957007526725,37.026647884452,"wet","2019"
"aa_wet_2019","fl_wet_2019",0.00066896854215069,0.00808210329923711,0.0584000410834221,35.3657124188194,"wet","2019"
"aa_wet_2019","mk_wet_2019",0.00329035820168566,0.0281791683029723,0.146236963972345,26.845114268142,"wet","2019"
"aa_wet_2019","rf_wet_2019",1.19761737342019e-11,1.5595803576059e-09,1.21033029478185e-07,148.286129368026,"wet","2019"
"aa_wet_2019","rr_wet_2019",0.216375199515542,0.382412117227412,0.592760697536137,27.6109486829176,"wet","2019"
"ce_dry_2015","aa_dry_2015",5.04864858889234e-09,2.09879990684127e-05,0.00818429143813723,17.0928583767334,"dry","2015"
"ce_dry_2015","ff_dry_2015",0.114749117410149,0.392284523245025,0.803765317625597,6.76219397249668,"dry","2015"
"ce_dry_2015","fl_dry_2015",4.22110421657942e-05,0.00126856635110215,0.0190413916447812,36.2519574589619,"dry","2015"
"ce_dry_2015","rr_dry_2015",2.21743148005861e-07,0.00076018781850252,0.122026579236895,8.72935113317236,"dry","2015"
"ce_dry_2016","aa_dry_2016",0.00894791832699154,0.0716110746916825,0.314657454661106,16.5075943438666,"dry","2016"
"ce_dry_2016","fl_dry_2016",0.00301169796533437,0.045203392430228,0.291676579436928,13.7438700916283,"dry","2016"
"ce_dry_2018","aa_dry_2018",0.0277358027940207,0.110091409622294,0.313723321783342,25.0765867444858,"dry","2018"
"ce_dry_2018","rf_dry_2018",0.00354262827643348,0.16031472474765,0.870047345252696,3.08245199854053,"dry","2018"
"ce_dry_2018","rr_dry_2018",0.00565809227097084,0.0624832454919278,0.328199070215863,13.9843541201235,"dry","2018"
"ce_dry_2018","sp_dry_2018",0.000303399707150761,0.0180126697655105,0.258119776115098,10.5498288785054,"dry","2018"
"ce_dry_2019","ff_dry_2019",0.105227482995782,0.382882331479383,0.806494283660736,6.48966914302342,"dry","2019"
"ce_dry_2019","rf_dry_2019",0.206754855045011,0.486487964644075,0.820885472170733,8.04992827460964,"dry","2019"
"ce_dry_2019","rr_dry_2019",4.03891439078509e-10,1.07798749045966e-07,1.2605877765056e-05,73.5081906978869,"dry","2019"
"ce_wet_2012","aa_wet_2012",0.0357050769820724,0.123805317300019,0.322017139603526,27.378381003521,"wet","2012"
"ce_wet_2012","fl_wet_2012",0.018950491542566,0.10545463715561,0.362248147117067,17.5154955136948,"wet","2012"
"ce_wet_2012","rf_wet_2012",8.49590838671698e-06,0.000563420616492237,0.0148278406076827,30.5210331800443,"wet","2012"
"ce_wet_2012","rr_wet_2012",3.25515756961291e-12,3.71996666566726e-11,3.78498279136454e-10,783.192237713978,"wet","2012"
"ce_wet_2013","aa_wet_2013",0.0616570352300489,0.275879677367129,0.695289041222289,8.3402618532856,"wet","2013"
"ce_wet_2013","ff_wet_2013",0.315863362377355,0.607893325136209,0.890522163694012,6.7474352470598,"wet","2013"
"ce_wet_2013","fl_wet_2013",0.00867778068879006,0.102853171923219,0.494200975455882,9.38614012289546,"wet","2013"
"ce_wet_2013","mk_wet_2013",0.113090274694595,0.528792764662282,0.973431913435428,2.38945745098749,"wet","2013"
"ce_wet_2013","nm_wet_2013",0.301558908831512,0.820839294347207,0.999994133583505,0.659208008164779,"wet","2013"
"ce_wet_2013","rr_wet_2013",0.001114307864625,0.0880125529804643,0.748962409164014,3.95468650334113,"wet","2013"
"ce_wet_2017","aa_wet_2017",0.0170971390597516,0.123373794163329,0.463864554644461,12.0059551733952,"wet","2017"
"ce_wet_2017","ff_wet_2017",0.263181443368248,0.550987075012492,0.858179541465732,7.4737209581153,"wet","2017"
"ce_wet_2017","fl_wet_2017",0.0834720624194666,0.337106746222505,0.768144766313678,7.03570679081114,"wet","2017"
"ce_wet_2017","mk_wet_2017",0.000198077004969443,0.00355491084616744,0.0353388101210474,36.0179269709866,"wet","2017"
"ce_wet_2017","nm_wet_2017",0.135845947506091,0.416372746171009,0.80733277917448,7.08699200924018,"wet","2017"
"ce_wet_2017","rf_wet_2017",0.27818873992371,0.439175206059909,0.627489921434023,31.0990501602814,"wet","2017"
"ce_wet_2017","rr_wet_2017",0.000312896384067124,0.0167212399833968,0.233786087000013,11.4044943302891,"wet","2017"
"ce_wet_2017","sp_wet_2017",0.00107498926319776,0.0116443596523241,0.0760932636968865,33.2345451139505,"wet","2017"
"ce_wet_2019","aa_wet_2019",0.0051113463854754,0.0312986328029433,0.131412317179611,34.6334743375207,"wet","2019"
"ce_wet_2019","ff_wet_2019",0.109737018980746,0.334763109176474,0.692190576592555,10.5048030458265,"wet","2019"
"ce_wet_2019","fl_wet_2019",0.0104412875152699,0.0982347338776386,0.435793199252926,11.5386760197595,"wet","2019"
"ce_wet_2019","mk_wet_2019",0.0160463548984789,0.0731548846938634,0.236522587572242,28.6846293081225,"wet","2019"
"ce_wet_2019","rf_wet_2019",0.0383213632312608,0.2043373907974,0.599235507768918,9.90573633881784,"wet","2019"
"ce_wet_2019","rr_wet_2019",5.19112140918698e-06,9.44453863389195e-05,0.00116284605392762,89.774911269165,"wet","2019"
"cu_dry_2008","aa_dry_2008",0.000136960743879656,0.00685796187242806,0.111538176955452,16.6346154717125,"dry","2008"
"cu_dry_2008","ff_dry_2008",0.312555601221689,0.595697538714085,0.87632698707008,7.41773025459304,"dry","2008"
"cu_dry_2008","fl_dry_2008",0.0010244277367005,0.0187440612954232,0.155606631429323,18.9144928813795,"dry","2008"
"cu_dry_2008","rf_dry_2008",0.214768463144742,0.490183612321068,0.816498435038739,8.41662196639445,"dry","2008"
"cu_dry_2008","rr_dry_2008",6.49310192845128e-06,0.000478975524047567,0.0136586509081488,30.3220695664273,"dry","2008"
"cu_dry_2009","aa_dry_2009",0.00181145584049101,0.0233347755236167,0.155832624487306,21.5206484518274,"dry","2009"
"cu_dry_2009","ff_dry_2009",0.188476943256388,0.492667799484049,0.855445302272216,6.39196696902481,"dry","2009"
"cu_dry_2009","fl_dry_2009",1.74099628850829e-06,7.39568964495778e-05,0.00169683705168266,58.3576253918875,"dry","2009"
"cu_dry_2009","rf_dry_2009",0.175934757741629,0.440519244031236,0.783334107695788,8.91698489873082,"dry","2009"
"cu_dry_2009","rr_dry_2009",6.63197007769148e-06,0.000984480164989318,0.0380022701108078,19.3236844435218,"dry","2009"
"cu_wet_2007","aa_wet_2007",2.28679664952123e-06,1.51348655636344e-05,8.64993479822438e-05,286.455268668044,"wet","2007"
"cu_wet_2007","ff_wet_2007",0.136394625189339,0.254595183390102,0.423163314545091,44.5204935534488,"wet","2007"
"cu_wet_2007","fl_wet_2007",1.01403365372773e-05,0.000184120173589249,0.00220474031270577,78.1213860957698,"wet","2007"
"cu_wet_2007","mk_wet_2007",0.0892912891548675,0.301083063538369,0.665831316428637,10.6249679025846,"wet","2007"
"cu_wet_2007","rf_wet_2007",0.059959464852981,0.248702107840611,0.627476972866263,10.4482938635336,"wet","2007"
"cu_wet_2007","rr_wet_2007",5.19997034873159e-08,3.79766114249865e-06,0.000148194546176363,75.2996580292597,"wet","2007"
"cu_wet_2008","aa_wet_2008",0.0185905583124787,0.0573102281622937,0.146860223536473,58.4651760689913,"wet","2008"
"cu_wet_2008","ff_wet_2008",0.137445659230987,0.256158384606326,0.425140872281963,44.3575752186996,"wet","2008"
"cu_wet_2008","fl_wet_2008",0.000379033702884783,0.00433414951857435,0.0317260982125493,46.0705230696679,"wet","2008"
"cu_wet_2008","mk_wet_2008",0.037949308303152,0.154166846274513,0.424600499839733,18.0744769252017,"wet","2008"
"cu_wet_2008","rf_wet_2008",0.0267770264596839,0.100517545668534,0.280145949046521,29.0787532206872,"wet","2008"
"cu_wet_2008","rr_wet_2008",8.24144282343144e-08,3.03496800373337e-05,0.0029982888184615,29.805466653523,"wet","2008"
"cu_wet_2009","aa_wet_2009",0.000134520438045823,0.000569167039378788,0.0021236623312257,224.980979885029,"wet","2009"
"cu_wet_2009","ff_wet_2009",0.166291126991083,0.327891105317028,0.551005975715858,26.2752835270714,"wet","2009"
"cu_wet_2009","fl_wet_2009",0.00154084548804809,0.0108546342637803,0.0540757983040117,49.3145079085732,"wet","2009"
"cu_wet_2009","mk_wet_2009",0.0866730419275669,0.208405172843146,0.413166213112726,30.6413651952523,"wet","2009"
"cu_wet_2009","nm_wet_2009",0.0301597005135823,0.140393451005377,0.420474773630635,16.7150198936525,"wet","2009"
"cu_wet_2009","rf_wet_2009",0.0158012847770642,0.0817615440271911,0.280513352537153,22.9377111954296,"wet","2009"
"cu_wet_2009","rr_wet_2009",0.000214905590407501,0.00252951455927931,0.0195435574522218,53.6703104922887,"wet","2009"
"cu_wet_2010","aa_wet_2010",0.0132174039543935,0.0567965184565766,0.181434719209477,36.5005864528218,"wet","2010"
"cu_wet_2010","ff_wet_2010",0.265500159098443,0.613383108130819,0.936229587771918,4.29233054370669,"wet","2010"
"cu_wet_2010","nm_wet_2010",0.113285725842611,0.34479328480055,0.706806506089619,10.0506994576906,"wet","2010"
"cu_wet_2010","rf_wet_2010",0.0779550141383614,0.232440464523006,0.512103953287432,18.1171552191318,"wet","2010"
"cu_wet_2010","rr_wet_2010",2.17510235409985e-08,3.59216179456646e-05,0.00803109647309021,19.2392044318828,"wet","2010"
"cu_wet_2010","sp_wet_2010",9.23992242829678e-08,1.29872114277831e-06,1.4467418730384e-05,220.723846809263,"wet","2010"
"cu_wet_2011","aa_wet_2011",0.0194605760990684,0.0615686941449664,0.159960116295053,53.4659317295342,"wet","2011"
"cu_wet_2011","ff_wet_2011",0.095976188130179,0.263860103794486,0.5465642009681,17.6799982330145,"wet","2011"
"cu_wet_2011","fl_wet_2011",1.87117258200773e-05,0.000207106503063699,0.00170429115975594,108.272125446451,"wet","2011"
"cu_wet_2011","mk_wet_2011",0.0448479391082808,0.147125739136444,0.363401920043791,25.4363642934159,"wet","2011"
"cu_wet_2011","nm_wet_2011",0.0859901474053766,0.214988427721204,0.434753565229544,27.3018418949614,"wet","2011"
"cu_wet_2011","rf_wet_2011",0.0205255313625839,0.0737479415917187,0.205824475287702,38.9535183761277,"wet","2011"
"cu_wet_2011","rr_wet_2011",1.5272770488041e-09,5.5880172531917e-08,1.44506845556236e-06,182.178956218573,"wet","2011"
"cu_wet_2011","sp_wet_2011",1.43413719569282e-07,8.24756464951522e-05,0.0093372262967915,21.7695169884862,"wet","2011"
"ff_dry_2003","aa_dry_2003",0.112010754090296,0.23815028247178,0.432462256524618,34.3206737500308,"dry","2003"
"ff_dry_2003","rr_dry_2003",5.44894049188747e-07,1.65182189454414e-05,0.000317675730087615,91.5274132445658,"dry","2003"
"ff_dry_2004","aa_dry_2004",0.0240160627687371,0.0834889466945737,0.225871290843814,37.3708668985382,"dry","2004"
"ff_dry_2004","fl_dry_2004",0.204782742264048,0.373871680163812,0.592038824211363,26.0446725792703,"dry","2004"
"ff_dry_2004","rr_dry_2004",8.992551754869e-10,1.04385117476865e-08,1.04131520289473e-07,459.320368081942,"dry","2004"
"ff_dry_2005","aa_dry_2005",0.0509000686416808,0.118852381543174,0.241134529531897,57.2680228732201,"dry","2005"
"ff_dry_2005","fl_dry_2005",0.100680155669578,0.165195067820756,0.255409082634536,114.626661804859,"dry","2005"
"ff_dry_2005","mk_dry_2005",0.0229534719247199,0.0828971953751077,0.229854397582116,35.5495487661962,"dry","2005"
"ff_dry_2005","rr_dry_2005",1.26227161889913e-08,1.06095581390746e-06,4.83752514006463e-05,85.0683441215444,"dry","2005"
"ff_dry_2006","aa_dry_2006",1.15612831170537e-14,2.78080511346747e-13,5.67808245904743e-12,668.588001648365,"dry","2006"
"ff_dry_2006","fl_dry_2006",0.273301509234383,0.381738043271505,0.507598067993514,74.0056770222963,"dry","2006"
"ff_dry_2006","mk_dry_2006",0.0797024548384655,0.186335244162204,0.366820369481295,36.879169917199,"dry","2006"
"ff_dry_2006","rr_dry_2006",1.6160766314181e-07,1.28556468205719e-05,0.000502560528181755,59.9108128665165,"dry","2006"
"ff_dry_2007","aa_dry_2007",1.0470384206291e-14,1.19611164196013e-12,9.41479672373469e-11,279.071501001709,"dry","2007"
"ff_dry_2007","fl_dry_2007",0.149830621646971,0.257344505038167,0.404079232809257,57.1737371644361,"dry","2007"
"ff_dry_2007","mk_dry_2007",0.0386691319791364,0.179874820100142,0.513733031792248,13.1708912050168,"dry","2007"
"ff_dry_2007","rr_dry_2007",1.61907403457239e-09,1.08606908862659e-06,0.000208897729034149,41.5033566995662,"dry","2007"
"ff_dry_2008","aa_dry_2008",0.00020497061987421,0.00288103673595716,0.0248717112034678,45.317633264607,"dry","2008"
"ff_dry_2008","cu_dry_2008",0.312555601221689,0.595697538714085,0.87632698707008,7.41773025459304,"dry","2008"
"ff_dry_2008","fl_dry_2008",0.194167461598243,0.382321669763293,0.629387654354673,20.1939453818458,"dry","2008"
"ff_dry_2008","rf_dry_2008",0.212869413369562,0.367708378464051,0.564511045723449,31.9900205729607,"dry","2008"
"ff_dry_2008","rr_dry_2008",3.79327184440775e-06,0.000107077112907773,0.00180724578780912,67.1976289466558,"dry","2008"
"ff_dry_2009","aa_dry_2009",0.0342030060388806,0.154274421222133,0.447514351979421,15.8887322792071,"dry","2009"
"ff_dry_2009","cu_dry_2009",0.188476943256388,0.492667799484049,0.855445302272216,6.39196696902481,"dry","2009"
"ff_dry_2009","fl_dry_2009",0.0699133495088058,0.179514119106505,0.375765679363243,31.70447936709,"dry","2009"
"ff_dry_2009","rf_dry_2009",0.13202441573684,0.236307436227806,0.38363436260334,55.8587266389032,"dry","2009"
"ff_dry_2009","rr_dry_2009",0.000253555265656671,0.00323948817855776,0.0260396504935574,46.7209651814452,"dry","2009"
"ff_dry_2010","aa_dry_2010",0.000250947686982862,0.0231828778475671,0.363382578392351,7.87941469859424,"dry","2010"
"ff_dry_2010","fl_dry_2010",0.00445198554730544,0.0546156652543699,0.309295844242641,14.097122424678,"dry","2010"
"ff_dry_2010","nm_dry_2010",0.205995682463881,0.509512916765491,0.859403151240284,6.50929506915344,"dry","2010"
"ff_dry_2010","rr_dry_2010",9.87564934866931e-06,0.00183905261828613,0.0715397525368526,15.0863421403799,"dry","2010"
"ff_dry_2010","sp_dry_2010",7.1638401184917e-06,0.00115079226083073,0.0451567892676341,18.039473291567,"dry","2010"
"ff_dry_2011","aa_dry_2011",0.000237896271039462,0.00269172815936091,0.0201672358301517,54.2397681675768,"dry","2011"
"ff_dry_2011","nm_dry_2011",0.0772484045493644,0.27122600441729,0.625644294287205,11.6124002827624,"dry","2011"
"ff_dry_2011","rr_dry_2011",2.20013476985636e-05,0.000557897617571138,0.0079706431703663,49.3227935904938,"dry","2011"
"ff_dry_2012","aa_dry_2012",0.00065983483159092,0.00538408860162015,0.0309392856213106,56.3026222053603,"dry","2012"
"ff_dry_2012","fl_dry_2012",0.018668077099519,0.0762147499747567,0.229685474741805,31.9772848507488,"dry","2012"
"ff_dry_2012","nm_dry_2012",0.046623993771125,0.165705667363986,0.421110439331177,20.1536392603197,"dry","2012"
"ff_dry_2012","rf_dry_2012",0.203570277895943,0.3915254802139,0.634362634505547,20.5686399905956,"dry","2012"
"ff_dry_2012","rr_dry_2012",2.48590132231682e-06,6.80880105855475e-05,0.0011482390161418,74.8070342256263,"dry","2012"
"ff_dry_2012","sp_dry_2012",5.56707727353851e-08,2.36066746810296e-06,6.25406371084775e-05,104.213625472709,"dry","2012"
"ff_dry_2015","aa_dry_2015",0.00153822094186609,0.0184991751936808,0.122498041992029,25.1836792074587,"dry","2015"
"ff_dry_2015","ce_dry_2015",0.114749117410149,0.392284523245025,0.803765317625597,6.76219397249668,"dry","2015"
"ff_dry_2015","fl_dry_2015",0.156187629908349,0.402088927004212,0.741162902766229,10.1759378044908,"dry","2015"
"ff_dry_2015","rr_dry_2015",0.000751219521868139,0.0126906195850908,0.106575109704855,23.5218385965421,"dry","2015"
"ff_dry_2019","ce_dry_2019",0.105227482995782,0.382882331479383,0.806494283660736,6.48966914302342,"dry","2019"
"ff_dry_2019","rf_dry_2019",0.138408352336104,0.369487803027432,0.706071297879522,11.127792447038,"dry","2019"
"ff_dry_2019","rr_dry_2019",1.37415110612014e-17,1.17095674764703e-08,0.00452660045956551,8.82944574005055,"dry","2019"
"ff_wet_2002","aa_wet_2002",0.0764070692791573,0.14639791872387,0.255415338538026,77.5522997225804,"wet","2002"
"ff_wet_2002","rr_wet_2002",2.46912261482091e-09,2.18280249588525e-08,1.70243778941945e-07,533.247739139706,"wet","2002"
"ff_wet_2003","aa_wet_2003",0.139688915795977,0.203544389656767,0.285110412759247,152.639869304202,"wet","2003"
"ff_wet_2003","fl_wet_2003",0.192195364470476,0.411342232960358,0.697067908248107,14.2634006300404,"wet","2003"
"ff_wet_2003","rr_wet_2003",4.60590353230132e-05,0.000193648052727731,0.000729288580452715,294.071888546315,"wet","2003"
"ff_wet_2004","aa_wet_2004",0.0349520557713373,0.0876935078054649,0.190168364362791,63.0955401253532,"wet","2004"
"ff_wet_2004","fl_wet_2004",0.0762759449715495,0.159118469099117,0.293709042150617,56.771261535962,"wet","2004"
"ff_wet_2004","mk_wet_2004",7.55814288607856e-05,0.000766876821792213,0.00564695343769484,84.6299254997486,"wet","2004"
"ff_wet_2004","rr_wet_2004",1.40224219511437e-07,1.47754197260048e-06,1.29017736474123e-05,270.534665689181,"wet","2004"
"ff_wet_2005","aa_wet_2005",0.0533707737415128,0.122675227558762,0.245751968727025,57.6694649622752,"wet","2005"
"ff_wet_2005","fl_wet_2005",0.0873069769125387,0.203742886454276,0.397495349078573,33.5048971522799,"wet","2005"
"ff_wet_2005","mk_wet_2005",0.000574581455661185,0.00271941085178106,0.0107567480279064,124.600413217362,"wet","2005"
"ff_wet_2005","rr_wet_2005",2.12817418423991e-08,1.9301590897774e-07,1.5141234820338e-06,403.524417028433,"wet","2005"
"ff_wet_2006","aa_wet_2006",0.0387335774316217,0.0887693628371913,0.180304207360056,75.8495059708089,"wet","2006"
"ff_wet_2006","fl_wet_2006",0.214062705459671,0.360077450918768,0.544820600661769,36.3906163004351,"wet","2006"
"ff_wet_2006","mk_wet_2006",0.051002910547486,0.130565422573029,0.280153316317445,43.5467521444527,"wet","2006"
"ff_wet_2006","rr_wet_2006",4.15797531112471e-08,3.44138244171964e-07,2.47982957368674e-06,406.869532037816,"wet","2006"
"ff_wet_2007","aa_wet_2007",0.131025210439973,0.224577880929694,0.354601237445999,68.8077644189348,"wet","2007"
"ff_wet_2007","cu_wet_2007",0.136394625189339,0.254595183390102,0.423163314545091,44.5204935534488,"wet","2007"
"ff_wet_2007","fl_wet_2007",0.15820552943546,0.304731459582798,0.508980540658011,31.4332404329925,"wet","2007"
"ff_wet_2007","mk_wet_2007",0.0397943174862956,0.135257491313182,0.344303910764874,26.0675349620525,"wet","2007"
"ff_wet_2007","rf_wet_2007",0.4083421243783,0.563105368361399,0.723519756984761,30.6264483937022,"wet","2007"
"ff_wet_2007","rr_wet_2007",0.000377434317113161,0.00240327887465618,0.0119786794239138,93.1540553990482,"wet","2007"
"ff_wet_2008","aa_wet_2008",0.0798675938442749,0.175108962776111,0.332287984061691,45.5531481033095,"wet","2008"
"ff_wet_2008","cu_wet_2008",0.137445659230987,0.256158384606326,0.425140872281963,44.3575752186996,"wet","2008"
"ff_wet_2008","fl_wet_2008",0.0665784450794394,0.172412716951931,0.364180165671408,32.5383704116697,"wet","2008"
"ff_wet_2008","mk_wet_2008",0.00147994666878519,0.00695851582038781,0.0265869393451229,90.555818461799,"wet","2008"
"ff_wet_2008","rf_wet_2008",0.103106004717666,0.162574709324319,0.243763696582258,136.63357366237,"wet","2008"
"ff_wet_2008","rr_wet_2008",2.61975641578211e-06,3.32490312251737e-05,0.000320053676242042,141.153223216714,"wet","2008"
"ff_wet_2009","aa_wet_2009",0.0375379693448039,0.0870656294656772,0.178541076803073,74.9511446685518,"wet","2009"
"ff_wet_2009","cu_wet_2009",0.166291126991083,0.327891105317028,0.551005975715858,26.2752835270714,"wet","2009"
"ff_wet_2009","fl_wet_2009",0.172875828432238,0.336259916444433,0.559030501591875,26.1528390175185,"wet","2009"
"ff_wet_2009","mk_wet_2009",0.0110147497988412,0.040150660327869,0.117894171392745,56.1801694067444,"wet","2009"
"ff_wet_2009","nm_wet_2009",0.148957078061612,0.347765236944376,0.633778441942765,16.0035705474687,"wet","2009"
"ff_wet_2009","rf_wet_2009",0.195664771459021,0.267284446854322,0.353375499557086,152.759194627618,"wet","2009"
"ff_wet_2009","rr_wet_2009",3.82617724364177e-05,0.000141617868387995,0.000479545278318954,377.221040796841,"wet","2009"
"ff_wet_2010","aa_wet_2010",0.0671323770136156,0.205639143596773,0.468118071413222,20.0352041336287,"wet","2010"
"ff_wet_2010","cu_wet_2010",0.265500159098443,0.613383108130819,0.936229587771918,4.29233054370669,"wet","2010"
"ff_wet_2010","nm_wet_2010",0.27165933474877,0.618069752035565,0.93676864101526,4.31261619733182,"wet","2010"
"ff_wet_2010","rf_wet_2010",0.240380561421337,0.461354218440339,0.726700238621106,14.6800251014203,"wet","2010"
"ff_wet_2010","rr_wet_2010",1.16523756238727e-07,1.03965779027768e-05,0.000445430610580191,59.1129745171872,"wet","2010"
"ff_wet_2010","sp_wet_2010",8.96461392319878e-06,0.000144656649222005,0.00160282983364161,88.9591991806751,"wet","2010"
"ff_wet_2011","aa_wet_2011",0.199651650302834,0.351048845550349,0.547206508358139,32.779057330585,"wet","2011"
"ff_wet_2011","cu_wet_2011",0.095976188130179,0.263860103794486,0.5465642009681,17.6799982330145,"wet","2011"
"ff_wet_2011","fl_wet_2011",0.0549811573898707,0.111645816106808,0.205543582560867,84.599869862805,"wet","2011"
"ff_wet_2011","mk_wet_2011",0.00243637789952166,0.0107321816822966,0.0384226944636696,82.7141293102989,"wet","2011"
"ff_wet_2011","nm_wet_2011",0.0751338582968466,0.185779534541607,0.378797868396613,32.9198494039007,"wet","2011"
"ff_wet_2011","rf_wet_2011",0.0323618262733368,0.0723013691914802,0.145277844154498,93.6931579139889,"wet","2011"
"ff_wet_2011","rr_wet_2011",0.000205340485825479,0.00119375620734835,0.0056704956964633,126.080172805231,"wet","2011"
"ff_wet_2011","sp_wet_2011",2.76808275420189e-09,3.36344325588435e-08,3.45806910451316e-07,390.083009183913,"wet","2011"
"ff_wet_2013","aa_wet_2013",0.0356792957040167,0.13947726817108,0.382209561333549,20.8570986390112,"wet","2013"
"ff_wet_2013","ce_wet_2013",0.315863362377355,0.607893325136209,0.890522163694012,6.7474352470598,"wet","2013"
"ff_wet_2013","fl_wet_2013",0.0326578149505427,0.10471795233055,0.264115615023395,35.4628800652768,"wet","2013"
"ff_wet_2013","mk_wet_2013",0.00059214780466182,0.00792759998607028,0.061149860888504,33.09139437126,"wet","2013"
"ff_wet_2013","nm_wet_2013",0.11192373920096,0.312635058829853,0.63252970247322,13.5047247415438,"wet","2013"
"ff_wet_2013","rr_wet_2013",2.40424224159223e-05,0.00282028971805114,0.081287147957668,15.694618881427,"wet","2013"
"ff_wet_2015","aa_wet_2015",0.090274955012072,0.250912377359312,0.526865775926658,18.530875829649,"wet","2015"
"ff_wet_2015","fl_wet_2015",0.130650999855855,0.296088101018151,0.544796778247948,21.9797261118178,"wet","2015"
"ff_wet_2015","rr_wet_2015",0.000182931241015277,0.00301226865453671,0.0287384020098868,40.1484659493244,"wet","2015"
"ff_wet_2016","aa_wet_2016",0.0205575070873403,0.122004558156592,0.421292899815709,14.5642841849032,"wet","2016"
"ff_wet_2016","fl_wet_2016",0.0542282278514608,0.182934337658404,0.44575380856309,19.6336881138676,"wet","2016"
"ff_wet_2016","nm_wet_2016",0.00277585706506904,0.0296369994095985,0.173018490929251,21.9331770786426,"wet","2016"
"ff_wet_2016","rf_wet_2016",0.185957326293217,0.369614505982932,0.614483763181159,20.96064928603,"wet","2016"
"ff_wet_2017","aa_wet_2017",3.98974580136215e-12,4.98018112095548e-10,3.82946137581789e-08,167.361612492885,"wet","2017"
"ff_wet_2017","ce_wet_2017",0.263181443368248,0.550987075012492,0.858179541465732,7.4737209581153,"wet","2017"
"ff_wet_2017","fl_wet_2017",0.188176606795787,0.390856128320568,0.6590291280784,16.9161306127682,"wet","2017"
"ff_wet_2017","mk_wet_2017",3.73366746011017e-07,2.59676440614919e-05,0.000889292608060259,56.3174050493791,"wet","2017"
"ff_wet_2017","nm_wet_2017",0.00465967058001229,0.0491543309159662,0.264085898654482,16.7659288682965,"wet","2017"
"ff_wet_2017","rf_wet_2017",0.271446820247673,0.464993261594734,0.69111569931201,20.2839594830342,"wet","2017"
"ff_wet_2017","rr_wet_2017",1.22381658690034e-10,6.17683316030477e-07,0.000432700108116644,27.2811561999333,"wet","2017"
"ff_wet_2017","sp_wet_2017",5.43955733728712e-07,2.76134436630759e-05,0.000756274304142645,64.3017922578576,"wet","2017"
"ff_wet_2019","aa_wet_2019",7.03882577126037e-06,0.000375762640197712,0.00897957007526725,37.026647884452,"wet","2019"
"ff_wet_2019","ce_wet_2019",0.109737018980746,0.334763109176474,0.692190576592555,10.5048030458265,"wet","2019"
"ff_wet_2019","fl_wet_2019",0.0452811088790803,0.186862186360123,0.501373179430375,14.6091934198921,"wet","2019"
"ff_wet_2019","mk_wet_2019",5.47125752545596e-07,1.08907390866667e-05,0.000153756583464461,125.883636477873,"wet","2019"
"ff_wet_2019","rf_wet_2019",0.343548046745713,0.553468796135186,0.775352500445207,15.8832183044114,"wet","2019"
"ff_wet_2019","rr_wet_2019",8.74571831894496e-08,3.51354600637023e-05,0.00359925500339035,28.2863259192794,"wet","2019"
"fl_dry_2004","aa_dry_2004",0.0126037792853775,0.0741013100762329,0.276224684632559,21.487708594946,"dry","2004"
"fl_dry_2004","ff_dry_2004",0.204782742264048,0.373871680163812,0.592038824211363,26.0446725792703,"dry","2004"
"fl_dry_2004","rr_dry_2004",6.17621259504964e-07,2.99376452298668e-05,0.000790313944518609,64.7954878752324,"dry","2004"
"fl_dry_2005","aa_dry_2005",0.0329054994469584,0.0909679606872481,0.21051131111209,50.9247643148377,"dry","2005"
"fl_dry_2005","ff_dry_2005",0.100680155669578,0.165195067820756,0.255409082634536,114.626661804859,"dry","2005"
"fl_dry_2005","mk_dry_2005",3.08722231097072e-06,3.49697234717647e-05,0.000307089704536493,152.573900007412,"dry","2005"
"fl_dry_2005","rr_dry_2005",1.57291838559743e-06,0.000196246665763097,0.00839194153389646,30.0542722662735,"dry","2005"
"fl_dry_2006","aa_dry_2006",1.04657104259431e-05,8.16993404566946e-05,0.000521950711486385,177.787648120776,"dry","2006"
"fl_dry_2006","ff_dry_2006",0.273301509234383,0.381738043271505,0.507598067993514,74.0056770222963,"dry","2006"
"fl_dry_2006","mk_dry_2006",4.7146357842068e-06,8.53974967220342e-05,0.00105183365733819,91.882481515313,"dry","2006"
"fl_dry_2006","rr_dry_2006",9.73274806703759e-05,0.00350230037619937,0.0527453633870678,24.4447797423056,"dry","2006"
"fl_dry_2007","aa_dry_2007",1.14849050229078e-12,2.19743839403819e-11,3.56339474472879e-10,561.912973560272,"dry","2007"
"fl_dry_2007","ff_dry_2007",0.149830621646971,0.257344505038167,0.404079232809257,57.1737371644361,"dry","2007"
"fl_dry_2007","mk_dry_2007",3.60964997683547e-06,0.000134290578563682,0.00271751926509166,55.3243388325855,"dry","2007"
"fl_dry_2007","rr_dry_2007",9.72523017538031e-06,0.000564174088772494,0.01368999496639,32.3672063220501,"dry","2007"
"fl_dry_2008","aa_dry_2008",0.000387473861405086,0.00461858838771119,0.034592110015102,43.7002628334393,"dry","2008"
"fl_dry_2008","cu_dry_2008",0.0010244277367005,0.0187440612954232,0.155606631429323,18.9144928813795,"dry","2008"
"fl_dry_2008","ff_dry_2008",0.194167461598243,0.382321669763293,0.629387654354673,20.1939453818458,"dry","2008"
"fl_dry_2008","rf_dry_2008",3.01284715774803e-05,0.00210333653244389,0.0487686433783734,21.0377055062659,"dry","2008"
"fl_dry_2008","rr_dry_2008",9.30244293145947e-06,0.000244505389109467,0.00376053589755977,58.6490988897247,"dry","2008"
"fl_dry_2009","aa_dry_2009",0.00462812266324321,0.0324110928698409,0.147186778080965,29.846635389228,"dry","2009"
"fl_dry_2009","cu_dry_2009",1.74099628850829e-06,7.39568964495778e-05,0.00169683705168266,58.3576253918875,"dry","2009"
"fl_dry_2009","ff_dry_2009",0.0699133495088058,0.179514119106505,0.375765679363243,31.70447936709,"dry","2009"
"fl_dry_2009","rf_dry_2009",6.13229376608923e-05,0.00180770451309619,0.0259767918117932,33.1541255809274,"dry","2009"
"fl_dry_2009","rr_dry_2009",4.38195699291892e-10,1.27327988841487e-08,2.78826735027871e-07,243.343999496183,"dry","2009"
"fl_dry_2010","aa_dry_2010",2.35985779132135e-06,5.41332205006421e-05,0.000808937613227484,86.7000951232721,"dry","2010"
"fl_dry_2010","ff_dry_2010",0.00445198554730544,0.0546156652543699,0.309295844242641,14.097122424678,"dry","2010"
"fl_dry_2010","nm_dry_2010",0.00751958733895558,0.0653198630805737,0.303621843867592,16.3798632937139,"dry","2010"
"fl_dry_2010","rr_dry_2010",1.3223026303205e-08,5.42427973423907e-07,1.4615517505562e-05,129.899415051942,"dry","2010"
"fl_dry_2010","sp_dry_2010",3.32453764165253e-08,1.94057891790373e-05,0.00263964388480552,28.0727015830494,"dry","2010"
"fl_dry_2012","aa_dry_2012",6.19348409520918e-10,9.23988045814767e-09,1.14919952484761e-07,385.148381884128,"dry","2012"
"fl_dry_2012","ff_dry_2012",0.018668077099519,0.0762147499747567,0.229685474741805,31.9772848507488,"dry","2012"
"fl_dry_2012","nm_dry_2012",2.42235032529371e-08,8.34655787168649e-07,1.93891437644134e-05,134.355636062264,"dry","2012"
"fl_dry_2012","rf_dry_2012",3.35937395379739e-06,0.000316879223168876,0.0109174771336373,30.1596390182964,"dry","2012"
"fl_dry_2012","rr_dry_2012",8.89135673598002e-07,0.00010805512348292,0.00481421798537875,34.3341524602975,"dry","2012"
"fl_dry_2012","sp_dry_2012",8.00745934049001e-11,2.21809767237096e-07,0.000119697213325602,35.3398648690018,"dry","2012"
"fl_dry_2014","aa_dry_2014",0.0171126343457082,0.0441438409268424,0.100573994940261,95.0399753248065,"dry","2014"
"fl_dry_2014","rr_dry_2014",9.62167473433468e-11,2.33925832400479e-09,4.49811746615035e-08,320.829979634548,"dry","2014"
"fl_dry_2015","aa_dry_2015",0.000478679694157182,0.00253815360943995,0.0109867626805292,111.443332228964,"dry","2015"
"fl_dry_2015","ce_dry_2015",4.22110421657942e-05,0.00126856635110215,0.0190413916447812,36.2519574589619,"dry","2015"
"fl_dry_2015","ff_dry_2015",0.156187629908349,0.402088927004212,0.741162902766229,10.1759378044908,"dry","2015"
"fl_dry_2015","rr_dry_2015",2.66706105251554e-06,5.44361626977258e-05,0.000745321952076557,93.0223408686961,"dry","2015"
"fl_dry_2016","aa_dry_2016",0.000314075964291301,0.00246544253667881,0.0143308101672505,75.5808744341363,"dry","2016"
"fl_dry_2016","ce_dry_2016",0.00301169796533437,0.045203392430228,0.291676579436928,13.7438700916283,"dry","2016"
"fl_wet_2003","aa_wet_2003",0.601002534311838,0.827089587047738,0.973571740193773,4.42892256434657,"wet","2003"
"fl_wet_2003","ff_wet_2003",0.192195364470476,0.411342232960358,0.697067908248107,14.2634006300404,"wet","2003"
"fl_wet_2003","rr_wet_2003",0.0641515571556049,0.258720101671799,0.638938497251218,10.2878744648961,"wet","2003"
"fl_wet_2004","aa_wet_2004",0.0781754839162326,0.147727527736388,0.255039329207769,80.0324590962599,"wet","2004"
"fl_wet_2004","ff_wet_2004",0.0762759449715495,0.159118469099117,0.293709042150617,56.771261535962,"wet","2004"
"fl_wet_2004","mk_wet_2004",0.000835851130019541,0.00405162709884372,0.016135746678807,106.061545098101,"wet","2004"
"fl_wet_2004","rr_wet_2004",2.88518189732806e-05,0.00018619124599519,0.00100269944173052,179.706075786616,"wet","2004"
"fl_wet_2005","aa_wet_2005",0.169915661182469,0.321465578434037,0.52834703071297,30.4049152516857,"wet","2005"
"fl_wet_2005","ff_wet_2005",0.0873069769125387,0.203742886454276,0.397495349078573,33.5048971522799,"wet","2005"
"fl_wet_2005","mk_wet_2005",0.00369628602469394,0.0317102338579336,0.162490936247864,25.2232655390874,"wet","2005"
"fl_wet_2005","rr_wet_2005",0.0209787408669784,0.0858022928328313,0.255812130046348,29.2811865183969,"wet","2005"
"fl_wet_2006","aa_wet_2006",0.0238805762965035,0.0892221977216669,0.2509357036711,32.0907895616638,"wet","2006"
"fl_wet_2006","ff_wet_2006",0.214062705459671,0.360077450918768,0.544820600661769,36.3906163004351,"wet","2006"
"fl_wet_2006","mk_wet_2006",0.000979992713638953,0.0105480660805649,0.0692782048482865,34.7640880364373,"wet","2006"
"fl_wet_2006","rr_wet_2006",0.000154556071936968,0.0022243496693839,0.0198520591864363,48.2859804971088,"wet","2006"
"fl_wet_2007","aa_wet_2007",0.0602046870900244,0.142177471917775,0.287508036791858,47.4869053256114,"wet","2007"
"fl_wet_2007","cu_wet_2007",1.01403365372773e-05,0.000184120173589249,0.00220474031270577,78.1213860957698,"wet","2007"
"fl_wet_2007","ff_wet_2007",0.15820552943546,0.304731459582798,0.508980540658011,31.4332404329925,"wet","2007"
"fl_wet_2007","mk_wet_2007",0.000219401132961536,0.0039536340262241,0.0390368033434286,34.6966380260158,"wet","2007"
"fl_wet_2007","rf_wet_2007",0.000799405588204175,0.00684769827812422,0.0400863736913486,49.4545655847635,"wet","2007"
"fl_wet_2007","rr_wet_2007",5.54540721059093e-05,0.000606671266675629,0.00476701137409005,84.6552335081147,"wet","2007"
"fl_wet_2008","aa_wet_2008",0.0378538908294542,0.103796413944996,0.236834148459829,46.5558105960195,"wet","2008"
"fl_wet_2008","cu_wet_2008",0.000379033702884783,0.00433414951857435,0.0317260982125493,46.0705230696679,"wet","2008"
"fl_wet_2008","ff_wet_2008",0.0665784450794394,0.172412716951931,0.364180165671408,32.5383704116697,"wet","2008"
"fl_wet_2008","mk_wet_2008",5.87717826707427e-06,0.000147906062207375,0.00226429851027661,67.0729300372679,"wet","2008"
"fl_wet_2008","rf_wet_2008",0.00179948016463264,0.00843666286046458,0.0319317400650907,84.3635690515381,"wet","2008"
"fl_wet_2008","rr_wet_2008",8.35399367811421e-05,0.0005829436573291,0.00325641476532196,126.680653901742,"wet","2008"
"fl_wet_2009","aa_wet_2009",0.035498301279022,0.106919030474601,0.258767900722693,38.5776014721078,"wet","2009"
"fl_wet_2009","cu_wet_2009",0.00154084548804809,0.0108546342637803,0.0540757983040117,49.3145079085732,"wet","2009"
"fl_wet_2009","ff_wet_2009",0.172875828432238,0.336259916444433,0.559030501591875,26.1528390175185,"wet","2009"
"fl_wet_2009","mk_wet_2009",0.000971628819055113,0.0103612121280643,0.0677648833985623,35.2660728523362,"wet","2009"
"fl_wet_2009","nm_wet_2009",0.0376541070185915,0.180164626871439,0.520859973891317,12.7341851446278,"wet","2009"
"fl_wet_2009","rf_wet_2009",0.000194255373082661,0.00140872018934735,0.00789100302640742,96.1772641463861,"wet","2009"
"fl_wet_2009","rr_wet_2009",3.34918044789372e-05,0.000182423790159025,0.000854856299277694,216.678404349246,"wet","2009"
"fl_wet_2011","aa_wet_2011",0.0154977503383571,0.0375987435125322,0.0821493267676934,118.562892804895,"wet","2011"
"fl_wet_2011","cu_wet_2011",1.87117258200773e-05,0.000207106503063699,0.00170429115975594,108.272125446451,"wet","2011"
"fl_wet_2011","ff_wet_2011",0.0549811573898707,0.111645816106808,0.205543582560867,84.599869862805,"wet","2011"
"fl_wet_2011","mk_wet_2011",5.82867191371275e-06,0.000238193156321,0.00495469032486413,46.6578138633651,"wet","2011"
"fl_wet_2011","nm_wet_2011",8.13290923123382e-06,7.73659092133072e-05,0.000580371586217814,150.869552856201,"wet","2011"
"fl_wet_2011","rf_wet_2011",0.000281809780978227,0.001549768814478,0.00699909558698869,124.30580512488,"wet","2011"
"fl_wet_2011","rr_wet_2011",4.97446757074895e-05,0.000982163387789649,0.011432355197131,49.5102559969132,"wet","2011"
"fl_wet_2011","sp_wet_2011",5.92901098333523e-08,1.09899206515086e-05,0.000769913153090027,44.3145654078761,"wet","2011"
"fl_wet_2012","aa_wet_2012",0.000460796261317526,0.00562248242621429,0.0421286179221283,40.1073493777087,"wet","2012"
"fl_wet_2012","ce_wet_2012",0.018950491542566,0.10545463715561,0.362248147117067,17.5154955136948,"wet","2012"
"fl_wet_2012","rf_wet_2012",0.00629336641351567,0.0344245636419569,0.133571058561081,37.0204547773839,"wet","2012"
"fl_wet_2012","rr_wet_2012",4.46004882423216e-08,1.9362683935912e-06,5.25588975317678e-05,105.983851261419,"wet","2012"
"fl_wet_2013","aa_wet_2013",0.00442078549995307,0.0142562866962341,0.0399377369849879,114.263084832222,"wet","2013"
"fl_wet_2013","ce_wet_2013",0.00867778068879006,0.102853171923219,0.494200975455882,9.38614012289546,"wet","2013"
"fl_wet_2013","ff_wet_2013",0.0326578149505427,0.10471795233055,0.264115615023395,35.4628800652768,"wet","2013"
"fl_wet_2013","mk_wet_2013",1.41498254670984e-08,3.55429209701792e-07,6.53012895690366e-06,179.735380621174,"wet","2013"
"fl_wet_2013","nm_wet_2013",0.00274853906054899,0.0198602691058423,0.0962113436290009,36.9882480916554,"wet","2013"
"fl_wet_2013","rr_wet_2013",1.40474934303562e-07,2.22609740724715e-06,2.71274136602298e-05,187.572529833861,"wet","2013"
"fl_wet_2014","aa_wet_2014",0.0150817912592623,0.10282674861464,0.391596093117705,14.6455743167987,"wet","2014"
"fl_wet_2014","nm_wet_2014",0.00284065001266037,0.0825061108680875,0.573894438506066,6.4490592032728,"wet","2014"
"fl_wet_2014","rr_wet_2014",0.000107433481994781,0.00442978613583272,0.0697408860222455,21.1755640375754,"wet","2014"
"fl_wet_2015","aa_wet_2015",0.0201048261830761,0.041461078167185,0.0794639238595428,164.491805316208,"wet","2015"
"fl_wet_2015","ff_wet_2015",0.130650999855855,0.296088101018151,0.544796778247948,21.9797261118178,"wet","2015"
"fl_wet_2015","rr_wet_2015",3.5315038678634e-06,7.71737389508813e-05,0.00109726542956251,83.3227169994504,"wet","2015"
"fl_wet_2016","aa_wet_2016",0.0121053849017663,0.0528457831252605,0.171541845794459,37.452475484132,"wet","2016"
"fl_wet_2016","ff_wet_2016",0.0542282278514608,0.182934337658404,0.44575380856309,19.6336881138676,"wet","2016"
"fl_wet_2016","nm_wet_2016",0.00130936712527964,0.0171498718924593,0.120283678544191,24.5132151987215,"wet","2016"
"fl_wet_2016","rf_wet_2016",0.0163910840871667,0.093157913901586,0.329923673116625,18.8605646552869,"wet","2016"
"fl_wet_2017","aa_wet_2017",0.00310594798359091,0.0334676275685021,0.193059883733793,20.4482880939973,"wet","2017"
"fl_wet_2017","ce_wet_2017",0.0834720624194666,0.337106746222505,0.768144766313678,7.03570679081114,"wet","2017"
"fl_wet_2017","ff_wet_2017",0.188176606795787,0.390856128320568,0.6590291280784,16.9161306127682,"wet","2017"
"fl_wet_2017","mk_wet_2017",0.000585767549081808,0.0168795637944322,0.178761228791344,15.2963884196565,"wet","2017"
"fl_wet_2017","nm_wet_2017",0.01450228707327,0.137760671562443,0.560500713294358,8.69835808214209,"wet","2017"
"fl_wet_2017","rf_wet_2017",0.0943999805446909,0.264365949232318,0.552536148656694,17.0746454595966,"wet","2017"
"fl_wet_2017","rr_wet_2017",4.3822977115474e-05,0.00186016222035261,0.0331503070855924,27.2972702432535,"wet","2017"
"fl_wet_2017","sp_wet_2017",0.000256022223439769,0.00614241477892788,0.0687069800524171,25.1352251693403,"wet","2017"
"fl_wet_2018","aa_wet_2018",0.00133854365980536,0.00935445149464367,0.0467842017599772,52.7565547161044,"wet","2018"
"fl_wet_2018","rf_wet_2018",0.0360226691055112,0.213387329411584,0.642537140215591,8.48952350213956,"wet","2018"
"fl_wet_2019","aa_wet_2019",0.00066896854215069,0.00808210329923711,0.0584000410834221,35.3657124188194,"wet","2019"
"fl_wet_2019","ce_wet_2019",0.0104412875152699,0.0982347338776386,0.435793199252926,11.5386760197595,"wet","2019"
"fl_wet_2019","ff_wet_2019",0.0452811088790803,0.186862186360123,0.501373179430375,14.6091934198921,"wet","2019"
"fl_wet_2019","mk_wet_2019",6.09039352275141e-08,5.68846845518791e-06,0.000259801587125951,63.810022288364,"wet","2019"
"fl_wet_2019","rf_wet_2019",0.0142490195254416,0.0574925918547367,0.176286008198965,39.2701535065919,"wet","2019"
"fl_wet_2019","rr_wet_2019",1.16929067484703e-06,7.9296298328295e-05,0.00248955441219091,46.3046733403487,"wet","2019"
"mk_dry_2005","aa_dry_2005",0.0913215895833736,0.26610451449037,0.566473797660243,15.8234704911645,"dry","2005"
"mk_dry_2005","ff_dry_2005",0.0229534719247199,0.0828971953751077,0.229854397582116,35.5495487661962,"dry","2005"
"mk_dry_2005","fl_dry_2005",3.08722231097072e-06,3.49697234717647e-05,0.000307089704536493,152.573900007412,"dry","2005"
"mk_dry_2005","rr_dry_2005",0.137379186487034,0.290799490171732,0.51612146572467,26.4115955532579,"dry","2005"
"mk_dry_2006","aa_dry_2006",0.00168247273019116,0.00904243779368,0.0376970560543934,70.0425140273762,"dry","2006"
"mk_dry_2006","ff_dry_2006",0.0797024548384655,0.186335244162204,0.366820369481295,36.879169917199,"dry","2006"
"mk_dry_2006","fl_dry_2006",4.7146357842068e-06,8.53974967220342e-05,0.00105183365733819,91.882481515313,"dry","2006"
"mk_dry_2006","rr_dry_2006",0.00844180488030039,0.0288201759680053,0.0821469176737925,74.319999443548,"dry","2006"
"mk_dry_2007","aa_dry_2007",0.0221681025241787,0.117882192475593,0.388533626992601,16.7829382599432,"dry","2007"
"mk_dry_2007","ff_dry_2007",0.0386691319791364,0.179874820100142,0.513733031792248,13.1708912050168,"dry","2007"
"mk_dry_2007","fl_dry_2007",3.60964997683547e-06,0.000134290578563682,0.00271751926509166,55.3243388325855,"dry","2007"
"mk_dry_2007","rr_dry_2007",0.0822828948861657,0.369470015840212,0.835798211413451,5.33351619878982,"dry","2007"
"mk_dry_2017","rf_dry_2017",0.0249028257814089,0.178228109794824,0.606313156127838,8.62657762082462,"dry","2017"
"mk_wet_2004","aa_wet_2004",0.121529699204328,0.237957432754303,0.410098707287382,42.4709550370728,"wet","2004"
"mk_wet_2004","ff_wet_2004",7.55814288607856e-05,0.000766876821792213,0.00564695343769484,84.6299254997486,"wet","2004"
"mk_wet_2004","fl_wet_2004",0.000835851130019541,0.00405162709884372,0.016135746678807,106.061545098101,"wet","2004"
"mk_wet_2004","rr_wet_2004",0.466463328901036,0.59272500361494,0.720248232885286,44.1971803403814,"wet","2004"
"mk_wet_2005","aa_wet_2005",0.0484518256283065,0.103039987579959,0.196908971095677,80.3814454499496,"wet","2005"
"mk_wet_2005","ff_wet_2005",0.000574581455661185,0.00271941085178106,0.0107567480279064,124.600413217362,"wet","2005"
"mk_wet_2005","fl_wet_2005",0.00369628602469394,0.0317102338579336,0.162490936247864,25.2232655390874,"wet","2005"
"mk_wet_2005","rr_wet_2005",0.0480349297194014,0.100580672310123,0.190203779515934,85.2524580741471,"wet","2005"
"mk_wet_2006","aa_wet_2006",0.0342523785905567,0.078452044383044,0.160094990046591,83.3790571566173,"wet","2006"
"mk_wet_2006","ff_wet_2006",0.051002910547486,0.130565422573029,0.280153316317445,43.5467521444527,"wet","2006"
"mk_wet_2006","fl_wet_2006",0.000979992713638953,0.0105480660805649,0.0692782048482865,34.7640880364373,"wet","2006"
"mk_wet_2006","rr_wet_2006",0.0431446985159833,0.0890663013913953,0.167386876126388,97.4352086869185,"wet","2006"
"mk_wet_2007","aa_wet_2007",0.00449961786800662,0.0256020869477289,0.10431095014222,41.4293691192225,"wet","2007"
"mk_wet_2007","cu_wet_2007",0.0892912891548675,0.301083063538369,0.665831316428637,10.6249679025846,"wet","2007"
"mk_wet_2007","ff_wet_2007",0.0397943174862956,0.135257491313182,0.344303910764874,26.0675349620525,"wet","2007"
"mk_wet_2007","fl_wet_2007",0.000219401132961536,0.0039536340262241,0.0390368033434286,34.6966380260158,"wet","2007"
"mk_wet_2007","rf_wet_2007",0.0052154181576175,0.0632165110748825,0.345477674387219,12.9787546577209,"wet","2007"
"mk_wet_2007","rr_wet_2007",0.00908685084626599,0.0688733763974443,0.296460343964604,17.7642532699463,"wet","2007"
"mk_wet_2008","aa_wet_2008",0.0358371731348356,0.099865804820967,0.230930912035132,46.6435036789277,"wet","2008"
"mk_wet_2008","cu_wet_2008",0.037949308303152,0.154166846274513,0.424600499839733,18.0744769252017,"wet","2008"
"mk_wet_2008","ff_wet_2008",0.00147994666878519,0.00695851582038781,0.0265869393451229,90.555818461799,"wet","2008"
"mk_wet_2008","fl_wet_2008",5.87717826707427e-06,0.000147906062207375,0.00226429851027661,67.0729300372679,"wet","2008"
"mk_wet_2008","rf_wet_2008",8.29318844046628e-06,0.00163902202925005,0.0670125916894041,15.2694294097802,"wet","2008"
"mk_wet_2008","rr_wet_2008",0.001686656954429,0.0300248183446129,0.227109982704955,15.3665227080198,"wet","2008"
"mk_wet_2009","aa_wet_2009",0.0073409333198467,0.0245571333387706,0.06942441607607,83.2975837295552,"wet","2009"
"mk_wet_2009","cu_wet_2009",0.0866730419275669,0.208405172843146,0.413166213112726,30.6413651952523,"wet","2009"
"mk_wet_2009","ff_wet_2009",0.0110147497988412,0.040150660327869,0.117894171392745,56.1801694067444,"wet","2009"
"mk_wet_2009","fl_wet_2009",0.000971628819055113,0.0103612121280643,0.0677648833985623,35.2660728523362,"wet","2009"
"mk_wet_2009","nm_wet_2009",0.121460567419339,0.32849206138623,0.648300482878925,13.2324128888871,"wet","2009"
"mk_wet_2009","rf_wet_2009",0.000104280624847383,0.0015098439212333,0.0138623865096515,53.8817747091243,"wet","2009"
"mk_wet_2009","rr_wet_2009",0.00138502559890695,0.00497106866774349,0.0155691643280184,147.333987879736,"wet","2009"
"mk_wet_2011","aa_wet_2011",0.0571858879123592,0.144632970902408,0.30555800183075,40.5611934932518,"wet","2011"
"mk_wet_2011","cu_wet_2011",0.0448479391082808,0.147125739136444,0.363401920043791,25.4363642934159,"wet","2011"
"mk_wet_2011","ff_wet_2011",0.00243637789952166,0.0107321816822966,0.0384226944636696,82.7141293102989,"wet","2011"
"mk_wet_2011","fl_wet_2011",5.82867191371275e-06,0.000238193156321,0.00495469032486413,46.6578138633651,"wet","2011"
"mk_wet_2011","nm_wet_2011",0.532083499833441,0.695722240182494,0.845192855925951,18.5413111815854,"wet","2011"
"mk_wet_2011","rf_wet_2011",0.00120548529548499,0.00681521940752044,0.0298504328602863,73.9033756002701,"wet","2011"
"mk_wet_2011","rr_wet_2011",0.0153228822179035,0.0497288505145961,0.133110883274821,58.8772561902472,"wet","2011"
"mk_wet_2011","sp_wet_2011",0.0189469171887643,0.0668227026605557,0.185672122058362,42.8407820730702,"wet","2011"
"mk_wet_2013","aa_wet_2013",0.0323946111609226,0.0960641638900937,0.232073918145762,43.1527775115522,"wet","2013"
"mk_wet_2013","ce_wet_2013",0.113090274694595,0.528792764662282,0.973431913435428,2.38945745098749,"wet","2013"
"mk_wet_2013","ff_wet_2013",0.00059214780466182,0.00792759998607028,0.061149860888504,33.09139437126,"wet","2013"
"mk_wet_2013","fl_wet_2013",1.41498254670984e-08,3.55429209701792e-07,6.53012895690366e-06,179.735380621174,"wet","2013"
"mk_wet_2013","nm_wet_2013",0.381547987800099,0.710169991016162,0.961119670128199,3.89052263721028,"wet","2013"
"mk_wet_2013","rr_wet_2013",0.00293231084674565,0.0558946918603004,0.380436199061708,10.4547760170834,"wet","2013"
"mk_wet_2017","aa_wet_2017",0.000545726165533452,0.00405037505190838,0.0221037199554622,67.7259391242584,"wet","2017"
"mk_wet_2017","ce_wet_2017",0.000198077004969443,0.00355491084616744,0.0353388101210474,36.0179269709866,"wet","2017"
"mk_wet_2017","ff_wet_2017",3.73366746011017e-07,2.59676440614919e-05,0.000889292608060259,56.3174050493791,"wet","2017"
"mk_wet_2017","fl_wet_2017",0.000585767549081808,0.0168795637944322,0.178761228791344,15.2963884196565,"wet","2017"
"mk_wet_2017","nm_wet_2017",0.152338344395119,0.351377453130552,0.635430809020904,16.1337443420745,"wet","2017"
"mk_wet_2017","rf_wet_2017",0.00566676250585478,0.0795141620837864,0.437324465468764,10.0850257198007,"wet","2017"
"mk_wet_2017","rr_wet_2017",2.67693825843064e-05,0.0033546005315963,0.0965718317118567,14.5225690796396,"wet","2017"
"mk_wet_2017","sp_wet_2017",0.0389943752821945,0.183765726363723,0.52546571071638,12.6923607769363,"wet","2017"
"mk_wet_2019","aa_wet_2019",0.00329035820168566,0.0281791683029723,0.146236963972345,26.845114268142,"wet","2019"
"mk_wet_2019","ce_wet_2019",0.0160463548984789,0.0731548846938634,0.236522587572242,28.6846293081225,"wet","2019"
"mk_wet_2019","ff_wet_2019",5.47125752545596e-07,1.08907390866667e-05,0.000153756583464461,125.883636477873,"wet","2019"
"mk_wet_2019","fl_wet_2019",6.09039352275141e-08,5.68846845518791e-06,0.000259801587125951,63.810022288364,"wet","2019"
"mk_wet_2019","rf_wet_2019",0.00444261730830261,0.0352646625276076,0.170716101604211,25.4771164609822,"wet","2019"
"mk_wet_2019","rr_wet_2019",1.51419477883465e-06,5.28402702324955e-05,0.00107356007580199,68.8305944542298,"wet","2019"
"nm_dry_2010","aa_dry_2010",0.0131306574477686,0.084985528585442,0.3263800271861,17.7434224879937,"dry","2010"
"nm_dry_2010","ff_dry_2010",0.205995682463881,0.509512916765491,0.859403151240284,6.50929506915344,"dry","2010"
"nm_dry_2010","fl_dry_2010",0.00751958733895558,0.0653198630805737,0.303621843867592,16.3798632937139,"dry","2010"
"nm_dry_2010","rr_dry_2010",0.056454349769207,0.197904631926806,0.485717368578923,17.064021098359,"dry","2010"
"nm_dry_2010","sp_dry_2010",0.041176746439471,0.23665450725317,0.682360239750863,7.75498503814871,"dry","2010"
"nm_dry_2011","aa_dry_2011",0.0765811101178832,0.199433223617103,0.416443530275946,27.5087537060655,"dry","2011"
"nm_dry_2011","ff_dry_2011",0.0772484045493644,0.27122600441729,0.625644294287205,11.6124002827624,"dry","2011"
"nm_dry_2011","rr_dry_2011",0.0623989213451323,0.142514699557859,0.281739938459647,50.9863352919431,"dry","2011"
"nm_dry_2012","aa_dry_2012",0.0562764012686501,0.207173458502135,0.516506624137245,15.1499963062561,"dry","2012"
"nm_dry_2012","ff_dry_2012",0.046623993771125,0.165705667363986,0.421110439331177,20.1536392603197,"dry","2012"
"nm_dry_2012","fl_dry_2012",2.42235032529371e-08,8.34655787168649e-07,1.93891437644134e-05,134.355636062264,"dry","2012"
"nm_dry_2012","rf_dry_2012",0.00311884751951284,0.126295586002857,0.779201843652721,3.98887319203448,"dry","2012"
"nm_dry_2012","rr_dry_2012",0.0320974141371079,0.152905609012066,0.456050916725324,15.0417150054415,"dry","2012"
"nm_dry_2012","sp_dry_2012",0.00919110314009883,0.0669210785964608,0.283494216721571,18.7661984669649,"dry","2012"
"nm_wet_2009","aa_wet_2009",0.107769100048934,0.195854932338086,0.32458783354047,66.8477328373606,"wet","2009"
"nm_wet_2009","cu_wet_2009",0.0301597005135823,0.140393451005377,0.420474773630635,16.7150198936525,"wet","2009"
"nm_wet_2009","ff_wet_2009",0.148957078061612,0.347765236944376,0.633778441942765,16.0035705474687,"wet","2009"
"nm_wet_2009","fl_wet_2009",0.0376541070185915,0.180164626871439,0.520859973891317,12.7341851446278,"wet","2009"
"nm_wet_2009","mk_wet_2009",0.121460567419339,0.32849206138623,0.648300482878925,13.2324128888871,"wet","2009"
"nm_wet_2009","rf_wet_2009",0.000106821346336296,0.00170119094239296,0.0165380116905623,48.7963893815382,"wet","2009"
"nm_wet_2009","rr_wet_2009",0.0084826163291534,0.0206907743707634,0.0460722970864983,161.054409447769,"wet","2009"
"nm_wet_2010","aa_wet_2010",0.294455337803608,0.433537649784765,0.593494820076474,43.3474033173606,"wet","2010"
"nm_wet_2010","cu_wet_2010",0.113285725842611,0.34479328480055,0.706806506089619,10.0506994576906,"wet","2010"
"nm_wet_2010","ff_wet_2010",0.27165933474877,0.618069752035565,0.93676864101526,4.31261619733182,"wet","2010"
"nm_wet_2010","rf_wet_2010",0.00873335092701931,0.0468339213319315,0.174593780501166,31.7481773925581,"wet","2010"
"nm_wet_2010","rr_wet_2010",0.0134258578678748,0.0620124241104614,0.205485557845867,31.5703147565813,"wet","2010"
"nm_wet_2010","sp_wet_2010",0.0188705650330661,0.0651295832934721,0.178745825251231,45.004354328198,"wet","2010"
"nm_wet_2011","aa_wet_2011",0.218609891388119,0.4254479535088,0.684608492801891,16.8763167481442,"wet","2011"
"nm_wet_2011","cu_wet_2011",0.0859901474053766,0.214988427721204,0.434753565229544,27.3018418949614,"wet","2011"
"nm_wet_2011","ff_wet_2011",0.0751338582968466,0.185779534541607,0.378797868396613,32.9198494039007,"wet","2011"
"nm_wet_2011","fl_wet_2011",8.13290923123382e-06,7.73659092133072e-05,0.000580371586217814,150.869552856201,"wet","2011"
"nm_wet_2011","mk_wet_2011",0.532083499833441,0.695722240182494,0.845192855925951,18.5413111815854,"wet","2011"
"nm_wet_2011","rf_wet_2011",2.7782719492147e-05,0.0003793652209447,0.00357708671307185,80.4501279307815,"wet","2011"
"nm_wet_2011","rr_wet_2011",0.0326931863730136,0.105085568943388,0.265362278256461,35.2281854565515,"wet","2011"
"nm_wet_2011","sp_wet_2011",0.0263067956664676,0.0861506431638938,0.223794032844272,39.9511616001103,"wet","2011"
"nm_wet_2013","aa_wet_2013",0.25403918189056,0.43933738783153,0.66152176720726,22.3487313569602,"wet","2013"
"nm_wet_2013","ce_wet_2013",0.301558908831512,0.820839294347207,0.999994133583505,0.659208008164779,"wet","2013"
"nm_wet_2013","ff_wet_2013",0.11192373920096,0.312635058829853,0.63252970247322,13.5047247415438,"wet","2013"
"nm_wet_2013","fl_wet_2013",0.00274853906054899,0.0198602691058423,0.0962113436290009,36.9882480916554,"wet","2013"
"nm_wet_2013","mk_wet_2013",0.381547987800099,0.710169991016162,0.961119670128199,3.89052263721028,"wet","2013"
"nm_wet_2013","rr_wet_2013",0.0769891679710425,0.385441746403536,0.87542323728163,4.39541798294815,"wet","2013"
"nm_wet_2014","aa_wet_2014",0.265763919703915,0.457138138659854,0.682593970222151,20.8140345056659,"wet","2014"
"nm_wet_2014","fl_wet_2014",0.00284065001266037,0.0825061108680875,0.573894438506066,6.4490592032728,"wet","2014"
"nm_wet_2014","rr_wet_2014",0.0116339671857934,0.0357392409125361,0.0934571437394075,78.2183897023712,"wet","2014"
"nm_wet_2016","aa_wet_2016",0.227257654760329,0.452488398809228,0.72774805878983,13.9198764781061,"wet","2016"
"nm_wet_2016","ff_wet_2016",0.00277585706506904,0.0296369994095985,0.173018490929251,21.9331770786426,"wet","2016"
"nm_wet_2016","fl_wet_2016",0.00130936712527964,0.0171498718924593,0.120283678544191,24.5132151987215,"wet","2016"
"nm_wet_2016","rf_wet_2016",0.019566805517142,0.123834009050147,0.439125318421668,13.5083631869831,"wet","2016"
"nm_wet_2017","aa_wet_2017",0.0670610368229062,0.192261268074337,0.426000572183501,24.0956426278111,"wet","2017"
"nm_wet_2017","ce_wet_2017",0.135845947506091,0.416372746171009,0.80733277917448,7.08699200924018,"wet","2017"
"nm_wet_2017","ff_wet_2017",0.00465967058001229,0.0491543309159662,0.264085898654482,16.7659288682965,"wet","2017"
"nm_wet_2017","fl_wet_2017",0.01450228707327,0.137760671562443,0.560500713294358,8.69835808214209,"wet","2017"
"nm_wet_2017","mk_wet_2017",0.152338344395119,0.351377453130552,0.635430809020904,16.1337443420745,"wet","2017"
"nm_wet_2017","rf_wet_2017",0.0109196931642764,0.0975142656512977,0.423847061509779,12.0931803839128,"wet","2017"
"nm_wet_2017","rr_wet_2017",0.00299331850497016,0.0376054844429348,0.230596255102089,17.1774335781555,"wet","2017"
"nm_wet_2017","sp_wet_2017",0.0782081344488315,0.225195985311968,0.489609684786672,19.95237139492,"wet","2017"
"rf_dry_2008","aa_dry_2008",1.99014647140390e-12,9.06684712395248e-09,8.65838029446911e-06,44.7553893156145,"dry","2008"
"rf_dry_2008","cu_dry_2008",0.214768463144742,0.490183612321068,0.816498435038739,8.41662196639445,"dry","2008"
"rf_dry_2008","ff_dry_2008",0.212869413369562,0.367708378464051,0.564511045723449,31.9900205729607,"dry","2008"
"rf_dry_2008","fl_dry_2008",3.01284715774803e-05,0.00210333653244389,0.0487686433783734,21.0377055062659,"dry","2008"
"rf_dry_2008","rr_dry_2008",3.26287551561992e-13,1.39595030283506e-09,1.44218000587544e-06,54.2171564080793,"dry","2008"
"rf_dry_2009","aa_dry_2009",2.16818166048225e-05,0.00179573852932953,0.0466545533104562,20.5107636269734,"dry","2009"
"rf_dry_2009","cu_dry_2009",0.175934757741629,0.440519244031236,0.783334107695788,8.91698489873082,"dry","2009"
"rf_dry_2009","ff_dry_2009",0.13202441573684,0.236307436227806,0.38363436260334,55.8587266389032,"dry","2009"
"rf_dry_2009","fl_dry_2009",6.13229376608923e-05,0.00180770451309619,0.0259767918117932,33.1541255809274,"dry","2009"
"rf_dry_2009","rr_dry_2009",3.59920923956766e-13,2.14560717144856e-09,2.70253507103558e-06,48.4987461877497,"dry","2009"
"rf_dry_2012","aa_dry_2012",1.55201464252447e-08,6.61395532280853e-06,0.000823666419609778,36.5815177954496,"dry","2012"
"rf_dry_2012","ff_dry_2012",0.203570277895943,0.3915254802139,0.634362634505547,20.5686399905956,"dry","2012"
"rf_dry_2012","fl_dry_2012",3.35937395379739e-06,0.000316879223168876,0.0109174771336373,30.1596390182964,"dry","2012"
"rf_dry_2012","nm_dry_2012",0.00311884751951284,0.126295586002857,0.779201843652721,3.98887319203448,"dry","2012"
"rf_dry_2012","rr_dry_2012",5.13360865951976e-12,9.12083792015787e-08,0.000164375456201535,26.6893112763504,"dry","2012"
"rf_dry_2012","sp_dry_2012",2.39551913955525e-11,2.21389315865716e-07,0.000247176638098253,27.3191240444174,"dry","2012"
"rf_dry_2017","mk_dry_2017",0.0249028257814089,0.178228109794824,0.606313156127838,8.62657762082462,"dry","2017"
"rf_dry_2018","aa_dry_2018",1.67814472371101e-06,0.000307721018507075,0.0156263886696386,23.710961238363,"dry","2018"
"rf_dry_2018","ce_dry_2018",0.00354262827643348,0.16031472474765,0.870047345252696,3.08245199854053,"dry","2018"
"rf_dry_2018","rr_dry_2018",5.48348221010298e-08,9.7364377149743e-05,0.0191413517757079,15.7498220921006,"dry","2018"
"rf_dry_2018","sp_dry_2018",4.40245096148781e-10,1.48889953927903e-06,0.000749059132076694,26.52965706874,"dry","2018"
"rf_dry_2019","ce_dry_2019",0.206754855045011,0.486487964644075,0.820885472170733,8.04992827460964,"dry","2019"
"rf_dry_2019","ff_dry_2019",0.138408352336104,0.369487803027432,0.706071297879522,11.127792447038,"dry","2019"
"rf_dry_2019","rr_dry_2019",6.43401491302203e-06,0.000264267639676111,0.00547632670122667,45.476914962138,"dry","2019"
"rf_wet_2007","aa_wet_2007",0.000116085314496634,0.000582142951111731,0.00249756315105477,180.71512770153,"wet","2007"
"rf_wet_2007","cu_wet_2007",0.059959464852981,0.248702107840611,0.627476972866263,10.4482938635336,"wet","2007"
"rf_wet_2007","ff_wet_2007",0.4083421243783,0.563105368361399,0.723519756984761,30.6264483937022,"wet","2007"
"rf_wet_2007","fl_wet_2007",0.000799405588204175,0.00684769827812422,0.0400863736913486,49.4545655847635,"wet","2007"
"rf_wet_2007","mk_wet_2007",0.0052154181576175,0.0632165110748825,0.345477674387219,12.9787546577209,"wet","2007"
"rf_wet_2007","rr_wet_2007",7.46158662497584e-09,1.19799975038303e-06,8.6859141202782e-05,64.8313706738359,"wet","2007"
"rf_wet_2008","aa_wet_2008",1.26037339591733e-05,9.9306969068364e-05,0.000636771287291046,169.350773202867,"wet","2008"
"rf_wet_2008","cu_wet_2008",0.0267770264596839,0.100517545668534,0.280145949046521,29.0787532206872,"wet","2008"
"rf_wet_2008","ff_wet_2008",0.103106004717666,0.162574709324319,0.243763696582258,136.63357366237,"wet","2008"
"rf_wet_2008","fl_wet_2008",0.00179948016463264,0.00843666286046458,0.0319317400650907,84.3635690515381,"wet","2008"
"rf_wet_2008","mk_wet_2008",8.29318844046628e-06,0.00163902202925005,0.0670125916894041,15.2694294097802,"wet","2008"
"rf_wet_2008","rr_wet_2008",3.94319307863225e-19,1.37742555346581e-13,5.0083422123409e-09,49.4418733353696,"wet","2008"
"rf_wet_2009","aa_wet_2009",1.44209043705168e-05,0.000114856343403546,0.000740688652815895,162.663606452302,"wet","2009"
"rf_wet_2009","cu_wet_2009",0.0158012847770642,0.0817615440271911,0.280513352537153,22.9377111954296,"wet","2009"
"rf_wet_2009","ff_wet_2009",0.195664771459021,0.267284446854322,0.353375499557086,152.759194627618,"wet","2009"
"rf_wet_2009","fl_wet_2009",0.000194255373082661,0.00140872018934735,0.00789100302640742,96.1772641463861,"wet","2009"
"rf_wet_2009","mk_wet_2009",0.000104280624847383,0.0015098439212333,0.0138623865096515,53.8817747091243,"wet","2009"
"rf_wet_2009","nm_wet_2009",0.000106821346336296,0.00170119094239296,0.0165380116905623,48.7963893815382,"wet","2009"
"rf_wet_2009","rr_wet_2009",6.14485205237895e-06,0.000174285910663203,0.0028792244264707,60.5193147475821,"wet","2009"
"rf_wet_2010","aa_wet_2010",0.00188616970357975,0.0108582483610424,0.0470944142947669,60.3711833514374,"wet","2010"
"rf_wet_2010","cu_wet_2010",0.0779550141383614,0.232440464523006,0.512103953287432,18.1171552191318,"wet","2010"
"rf_wet_2010","ff_wet_2010",0.240380561421337,0.461354218440339,0.726700238621106,14.6800251014203,"wet","2010"
"rf_wet_2010","nm_wet_2010",0.00873335092701931,0.0468339213319315,0.174593780501166,31.7481773925581,"wet","2010"
"rf_wet_2010","rr_wet_2010",1.64475043114243e-11,3.16634265582285e-08,1.56644291133528e-05,48.0020726963646,"wet","2010"
"rf_wet_2010","sp_wet_2010",1.32409062358931e-06,3.88931596844828e-05,0.000706888155606628,79.9986182420278,"wet","2010"
"rf_wet_2011","aa_wet_2011",1.33708670018754e-05,8.56281539376127e-05,0.000464558008970059,213.779786928227,"wet","2011"
"rf_wet_2011","cu_wet_2011",0.0205255313625839,0.0737479415917187,0.205824475287702,38.9535183761277,"wet","2011"
"rf_wet_2011","ff_wet_2011",0.0323618262733368,0.0723013691914802,0.145277844154498,93.6931579139889,"wet","2011"
"rf_wet_2011","fl_wet_2011",0.000281809780978227,0.001549768814478,0.00699909558698869,124.30580512488,"wet","2011"
"rf_wet_2011","mk_wet_2011",0.00120548529548499,0.00681521940752044,0.0298504328602863,73.9033756002701,"wet","2011"
"rf_wet_2011","nm_wet_2011",2.7782719492147e-05,0.0003793652209447,0.00357708671307185,80.4501279307815,"wet","2011"
"rf_wet_2011","rr_wet_2011",4.78034625660049e-10,9.15910419929851e-07,0.000345868988209815,32.2854034120115,"wet","2011"
"rf_wet_2011","sp_wet_2011",2.58277384237878e-16,4.80644304934827e-11,7.50896804137214e-07,36.1838292753026,"wet","2011"
"rf_wet_2012","aa_wet_2012",9.53392951165834e-08,3.03427511278809e-06,6.39741149315548e-05,116.753423584985,"wet","2012"
"rf_wet_2012","ce_wet_2012",8.49590838671698e-06,0.000563420616492237,0.0148278406076827,30.5210331800443,"wet","2012"
"rf_wet_2012","fl_wet_2012",0.00629336641351567,0.0344245636419569,0.133571058561081,37.0204547773839,"wet","2012"
"rf_wet_2012","rr_wet_2012",3.20777304181103e-09,8.41712900327107e-07,8.77378985275897e-05,57.2575278419444,"wet","2012"
"rf_wet_2016","aa_wet_2016",0.0109944089432618,0.0852685465502436,0.357571405035774,15.0168935860589,"wet","2016"
"rf_wet_2016","ff_wet_2016",0.185957326293217,0.369614505982932,0.614483763181159,20.96064928603,"wet","2016"
"rf_wet_2016","fl_wet_2016",0.0163910840871667,0.093157913901586,0.329923673116625,18.8605646552869,"wet","2016"
"rf_wet_2016","nm_wet_2016",0.019566805517142,0.123834009050147,0.439125318421668,13.5083631869831,"wet","2016"
"rf_wet_2017","aa_wet_2017",2.15729508955543e-15,4.04427709709983e-13,4.90669242670471e-11,248.305375256419,"wet","2017"
"rf_wet_2017","ce_wet_2017",0.27818873992371,0.439175206059909,0.627489921434023,31.0990501602814,"wet","2017"
"rf_wet_2017","ff_wet_2017",0.271446820247673,0.464993261594734,0.69111569931201,20.2839594830342,"wet","2017"
"rf_wet_2017","fl_wet_2017",0.0943999805446909,0.264365949232318,0.552536148656694,17.0746454595966,"wet","2017"
"rf_wet_2017","mk_wet_2017",0.00566676250585478,0.0795141620837864,0.437324465468764,10.0850257198007,"wet","2017"
"rf_wet_2017","nm_wet_2017",0.0109196931642764,0.0975142656512977,0.423847061509779,12.0931803839128,"wet","2017"
"rf_wet_2017","rr_wet_2017",1.42867992230263e-11,2.70950378603417e-07,0.000444530836789152,23.2577088832556,"wet","2017"
"rf_wet_2017","sp_wet_2017",2.32664342602627e-05,0.000924424941448898,0.0169807042609475,34.1604454491599,"wet","2017"
"rf_wet_2018","aa_wet_2018",9.67404318932648e-10,5.47967736374817e-07,9.8990689521333e-05,47.6493939229251,"wet","2018"
"rf_wet_2018","fl_wet_2018",0.0360226691055112,0.213387329411584,0.642537140215591,8.48952350213956,"wet","2018"
"rf_wet_2019","aa_wet_2019",1.19761737342019e-11,1.5595803576059e-09,1.21033029478185e-07,148.286129368026,"wet","2019"
"rf_wet_2019","ce_wet_2019",0.0383213632312608,0.2043373907974,0.599235507768918,9.90573633881784,"wet","2019"
"rf_wet_2019","ff_wet_2019",0.343548046745713,0.553468796135186,0.775352500445207,15.8832183044114,"wet","2019"
"rf_wet_2019","fl_wet_2019",0.0142490195254416,0.0574925918547367,0.176286008198965,39.2701535065919,"wet","2019"
"rf_wet_2019","mk_wet_2019",0.00444261730830261,0.0352646625276076,0.170716101604211,25.4771164609822,"wet","2019"
"rf_wet_2019","rr_wet_2019",2.30601182781836e-10,3.81748146951062e-07,0.000142303772670817,37.4081558302875,"wet","2019"
"rr_dry_1997","aa_dry_1997",0.14965481809127,0.419685104479431,0.788358237888092,8.04877278835318,"dry","1997"
"rr_dry_2001","aa_dry_2001",0.265934929870474,0.567675592919617,0.879983474071271,6.54075462993124,"dry","2001"
"rr_dry_2002","aa_dry_2002",0.235466827133112,0.413599793408238,0.633039397379638,24.1423566111085,"dry","2002"
"rr_dry_2003","aa_dry_2003",0.276342082878238,0.476326485058313,0.707710421279878,18.7667220565271,"dry","2003"
"rr_dry_2003","ff_dry_2003",5.44894049188747e-07,1.65182189454414e-05,0.000317675730087615,91.5274132445658,"dry","2003"
"rr_dry_2004","aa_dry_2004",0.334341788065479,0.511479274365298,0.705596807518726,24.4149781837787,"dry","2004"
"rr_dry_2004","ff_dry_2004",8.992551754869e-10,1.04385117476865e-08,1.04131520289473e-07,459.320368081942,"dry","2004"
"rr_dry_2004","fl_dry_2004",6.17621259504964e-07,2.99376452298668e-05,0.000790313944518609,64.7954878752324,"dry","2004"
"rr_dry_2005","aa_dry_2005",0.302853008590983,0.61997195082885,0.916406975777422,5.39373678954963,"dry","2005"
"rr_dry_2005","ff_dry_2005",1.26227161889913e-08,1.06095581390746e-06,4.83752514006463e-05,85.0683441215444,"dry","2005"
"rr_dry_2005","fl_dry_2005",1.57291838559743e-06,0.000196246665763097,0.00839194153389646,30.0542722662735,"dry","2005"
"rr_dry_2005","mk_dry_2005",0.137379186487034,0.290799490171732,0.51612146572467,26.4115955532579,"dry","2005"
"rr_dry_2006","aa_dry_2006",0.0742336635035578,0.142212804581158,0.248388449974626,79.7942983283977,"dry","2006"
"rr_dry_2006","ff_dry_2006",1.6160766314181e-07,1.28556468205719e-05,0.000502560528181755,59.9108128665165,"dry","2006"
"rr_dry_2006","fl_dry_2006",9.73274806703759e-05,0.00350230037619937,0.0527453633870678,24.4447797423056,"dry","2006"
"rr_dry_2006","mk_dry_2006",0.00844180488030039,0.0288201759680053,0.0821469176737925,74.319999443548,"dry","2006"
"rr_dry_2007","aa_dry_2007",0.0635515196659103,0.153355031874934,0.312876749748582,42.1743346036582,"dry","2007"
"rr_dry_2007","ff_dry_2007",1.61907403457239e-09,1.08606908862659e-06,0.000208897729034149,41.5033566995662,"dry","2007"
"rr_dry_2007","fl_dry_2007",9.72523017538031e-06,0.000564174088772494,0.01368999496639,32.3672063220501,"dry","2007"
"rr_dry_2007","mk_dry_2007",0.0822828948861657,0.369470015840212,0.835798211413451,5.33351619878982,"dry","2007"
"rr_dry_2008","aa_dry_2008",0.180888186257098,0.325884131366011,0.519182219282119,34.401963344968,"dry","2008"
"rr_dry_2008","cu_dry_2008",6.49310192845128e-06,0.000478975524047567,0.0136586509081488,30.3220695664273,"dry","2008"
"rr_dry_2008","ff_dry_2008",3.79327184440775e-06,0.000107077112907773,0.00180724578780912,67.1976289466558,"dry","2008"
"rr_dry_2008","fl_dry_2008",9.30244293145947e-06,0.000244505389109467,0.00376053589755977,58.6490988897247,"dry","2008"
"rr_dry_2008","rf_dry_2008",3.26287551561992e-13,1.39595030283506e-09,1.44218000587544e-06,54.2171564080793,"dry","2008"
"rr_dry_2009","aa_dry_2009",0.191719202069978,0.360467876672048,0.582990500622714,25.519540512163,"dry","2009"
"rr_dry_2009","cu_dry_2009",6.63197007769148e-06,0.000984480164989318,0.0380022701108078,19.3236844435218,"dry","2009"
"rr_dry_2009","ff_dry_2009",0.000253555265656671,0.00323948817855776,0.0260396504935574,46.7209651814452,"dry","2009"
"rr_dry_2009","fl_dry_2009",4.38195699291892e-10,1.27327988841487e-08,2.78826735027871e-07,243.343999496183,"dry","2009"
"rr_dry_2009","rf_dry_2009",3.59920923956766e-13,2.14560717144856e-09,2.70253507103558e-06,48.4987461877497,"dry","2009"
"rr_dry_2010","aa_dry_2010",0.111539471273509,0.236994451026999,0.430377995819552,34.5879660906613,"dry","2010"
"rr_dry_2010","ff_dry_2010",9.87564934866931e-06,0.00183905261828613,0.0715397525368526,15.0863421403799,"dry","2010"
"rr_dry_2010","fl_dry_2010",1.3223026303205e-08,5.42427973423907e-07,1.4615517505562e-05,129.899415051942,"dry","2010"
"rr_dry_2010","nm_dry_2010",0.056454349769207,0.197904631926806,0.485717368578923,17.064021098359,"dry","2010"
"rr_dry_2010","sp_dry_2010",0.154942569267405,0.266954772456628,0.419177506170837,53.7656934867647,"dry","2010"
"rr_dry_2011","aa_dry_2011",0.088939232354054,0.300855682244557,0.666311009777859,10.5879165915624,"dry","2011"
"rr_dry_2011","ff_dry_2011",2.20013476985636e-05,0.000557897617571138,0.0079706431703663,49.3227935904938,"dry","2011"
"rr_dry_2011","nm_dry_2011",0.0623989213451323,0.142514699557859,0.281739938459647,50.9863352919431,"dry","2011"
"rr_dry_2012","aa_dry_2012",0.0454196219893387,0.181715249550231,0.482964403083467,15.6447782131218,"dry","2012"
"rr_dry_2012","ff_dry_2012",2.48590132231682e-06,6.80880105855475e-05,0.0011482390161418,74.8070342256263,"dry","2012"
"rr_dry_2012","fl_dry_2012",8.89135673598002e-07,0.00010805512348292,0.00481421798537875,34.3341524602975,"dry","2012"
"rr_dry_2012","nm_dry_2012",0.0320974141371079,0.152905609012066,0.456050916725324,15.0417150054415,"dry","2012"
"rr_dry_2012","rf_dry_2012",5.13360865951976e-12,9.12083792015787e-08,0.000164375456201535,26.6893112763504,"dry","2012"
"rr_dry_2012","sp_dry_2012",0.0976225057336609,0.208785493704023,0.384790134088204,39.7342273948824,"dry","2012"
"rr_dry_2014","aa_dry_2014",0.213595211518506,0.482133821369456,0.803908420559815,8.96732163510236,"dry","2014"
"rr_dry_2014","fl_dry_2014",9.62167473433468e-11,2.33925832400479e-09,4.49811746615035e-08,320.829979634548,"dry","2014"
"rr_dry_2015","aa_dry_2015",0.116870108158012,0.456718026666623,0.903295352876888,4.18388718749048,"dry","2015"
"rr_dry_2015","ce_dry_2015",2.21743148005861e-07,0.00076018781850252,0.122026579236895,8.72935113317236,"dry","2015"
"rr_dry_2015","ff_dry_2015",0.000751219521868139,0.0126906195850908,0.106575109704855,23.5218385965421,"dry","2015"
"rr_dry_2015","fl_dry_2015",2.66706105251554e-06,5.44361626977258e-05,0.000745321952076557,93.0223408686961,"dry","2015"
"rr_dry_2018","aa_dry_2018",0.260314706912639,0.711789405752063,0.995096444188169,1.70002147466563,"dry","2018"
"rr_dry_2018","ce_dry_2018",0.00565809227097084,0.0624832454919278,0.328199070215863,13.9843541201235,"dry","2018"
"rr_dry_2018","rf_dry_2018",5.48348221010298e-08,9.7364377149743e-05,0.0191413517757079,15.7498220921006,"dry","2018"
"rr_dry_2018","sp_dry_2018",0.0917682278232831,0.331454745010601,0.73209194050366,8.34718769090928,"dry","2018"
"rr_dry_2019","ce_dry_2019",4.03891439078509e-10,1.07798749045966e-07,1.2605877765056e-05,73.5081906978869,"dry","2019"
"rr_dry_2019","ff_dry_2019",1.37415110612014e-17,1.17095674764703e-08,0.00452660045956551,8.82944574005055,"dry","2019"
"rr_dry_2019","rf_dry_2019",6.43401491302203e-06,0.000264267639676111,0.00547632670122667,45.476914962138,"dry","2019"
"rr_wet_1999","aa_wet_1999",0.276536703506434,0.731609685767392,0.996794317592246,1.55867828115209,"wet","1999"
"rr_wet_2001","aa_wet_2001",0.106408129764243,0.325457214808479,0.678464611575766,10.9382880377723,"wet","2001"
"rr_wet_2002","aa_wet_2002",0.37622729265987,0.55359738080666,0.739893115791504,23.1441814540516,"wet","2002"
"rr_wet_2002","ff_wet_2002",2.46912261482091e-09,2.18280249588525e-08,1.70243778941945e-07,533.247739139706,"wet","2002"
"rr_wet_2003","aa_wet_2003",0.283612425205997,0.404774694154054,0.544958445822323,58.5845276712808,"wet","2003"
"rr_wet_2003","ff_wet_2003",4.60590353230132e-05,0.000193648052727731,0.000729288580452715,294.071888546315,"wet","2003"
"rr_wet_2003","fl_wet_2003",0.0641515571556049,0.258720101671799,0.638938497251218,10.2878744648961,"wet","2003"
"rr_wet_2004","aa_wet_2004",0.219265978595014,0.348981047976478,0.510655099556582,47.3034349248555,"wet","2004"
"rr_wet_2004","ff_wet_2004",1.40224219511437e-07,1.47754197260048e-06,1.29017736474123e-05,270.534665689181,"wet","2004"
"rr_wet_2004","fl_wet_2004",2.88518189732806e-05,0.00018619124599519,0.00100269944173052,179.706075786616,"wet","2004"
"rr_wet_2004","mk_wet_2004",0.466463328901036,0.59272500361494,0.720248232885286,44.1971803403814,"wet","2004"
"rr_wet_2005","aa_wet_2005",0.345617598831242,0.497187380662969,0.663283613127045,34.9652976463589,"wet","2005"
"rr_wet_2005","ff_wet_2005",2.12817418423991e-08,1.9301590897774e-07,1.5141234820338e-06,403.524417028433,"wet","2005"
"rr_wet_2005","fl_wet_2005",0.0209787408669784,0.0858022928328313,0.255812130046348,29.2811865183969,"wet","2005"
"rr_wet_2005","mk_wet_2005",0.0480349297194014,0.100580672310123,0.190203779515934,85.2524580741471,"wet","2005"
"rr_wet_2006","aa_wet_2006",0.173308613552914,0.292212831330119,0.44964025138897,50.8256181682536,"wet","2006"
"rr_wet_2006","ff_wet_2006",4.15797531112471e-08,3.44138244171964e-07,2.47982957368674e-06,406.869532037816,"wet","2006"
"rr_wet_2006","fl_wet_2006",0.000154556071936968,0.0022243496693839,0.0198520591864363,48.2859804971088,"wet","2006"
"rr_wet_2006","mk_wet_2006",0.0431446985159833,0.0890663013913953,0.167386876126388,97.4352086869185,"wet","2006"
"rr_wet_2007","aa_wet_2007",0.171722631011302,0.292439058039885,0.453001588025703,49.0226574071665,"wet","2007"
"rr_wet_2007","cu_wet_2007",5.19997034873159e-08,3.79766114249865e-06,0.000148194546176363,75.2996580292597,"wet","2007"
"rr_wet_2007","ff_wet_2007",0.000377434317113161,0.00240327887465618,0.0119786794239138,93.1540553990482,"wet","2007"
"rr_wet_2007","fl_wet_2007",5.54540721059093e-05,0.000606671266675629,0.00476701137409005,84.6552335081147,"wet","2007"
"rr_wet_2007","mk_wet_2007",0.00908685084626599,0.0688733763974443,0.296460343964604,17.7642532699463,"wet","2007"
"rr_wet_2007","rf_wet_2007",7.46158662497584e-09,1.19799975038303e-06,8.6859141202782e-05,64.8313706738359,"wet","2007"
"rr_wet_2008","aa_wet_2008",0.221562181456005,0.374720316420244,0.566877372498221,33.2009018928046,"wet","2008"
"rr_wet_2008","cu_wet_2008",8.24144282343144e-08,3.03496800373337e-05,0.0029982888184615,29.805466653523,"wet","2008"
"rr_wet_2008","ff_wet_2008",2.61975641578211e-06,3.32490312251737e-05,0.000320053676242042,141.153223216714,"wet","2008"
"rr_wet_2008","fl_wet_2008",8.35399367811421e-05,0.0005829436573291,0.00325641476532196,126.680653901742,"wet","2008"
"rr_wet_2008","mk_wet_2008",0.001686656954429,0.0300248183446129,0.227109982704955,15.3665227080198,"wet","2008"
"rr_wet_2008","rf_wet_2008",3.94319307863225e-19,1.37742555346581e-13,5.0083422123409e-09,49.4418733353696,"wet","2008"
"rr_wet_2009","aa_wet_2009",0.224826834990648,0.320421461150932,0.435496788280962,90.7146468863664,"wet","2009"
"rr_wet_2009","cu_wet_2009",0.000214905590407501,0.00252951455927931,0.0195435574522218,53.6703104922887,"wet","2009"
"rr_wet_2009","ff_wet_2009",3.82617724364177e-05,0.000141617868387995,0.000479545278318954,377.221040796841,"wet","2009"
"rr_wet_2009","fl_wet_2009",3.34918044789372e-05,0.000182423790159025,0.000854856299277694,216.678404349246,"wet","2009"
"rr_wet_2009","mk_wet_2009",0.00138502559890695,0.00497106866774349,0.0155691643280184,147.333987879736,"wet","2009"
"rr_wet_2009","nm_wet_2009",0.0084826163291534,0.0206907743707634,0.0460722970864983,161.054409447769,"wet","2009"
"rr_wet_2009","rf_wet_2009",6.14485205237895e-06,0.000174285910663203,0.0028792244264707,60.5193147475821,"wet","2009"
"rr_wet_2010","aa_wet_2010",0.245079324529733,0.405727275309488,0.60124315141051,30.7022316548512,"wet","2010"
"rr_wet_2010","cu_wet_2010",2.17510235409985e-08,3.59216179456646e-05,0.00803109647309021,19.2392044318828,"wet","2010"
"rr_wet_2010","ff_wet_2010",1.16523756238727e-07,1.03965779027768e-05,0.000445430610580191,59.1129745171872,"wet","2010"
"rr_wet_2010","nm_wet_2010",0.0134258578678748,0.0620124241104614,0.205485557845867,31.5703147565813,"wet","2010"
"rr_wet_2010","rf_wet_2010",1.64475043114243e-11,3.16634265582285e-08,1.56644291133528e-05,48.0020726963646,"wet","2010"
"rr_wet_2010","sp_wet_2010",0.218495737249761,0.285284377268839,0.363147641786433,186.961700252792,"wet","2010"
"rr_wet_2011","aa_wet_2011",0.170654316648194,0.338908910198884,0.569611397224431,24.417511673783,"wet","2011"
"rr_wet_2011","cu_wet_2011",1.5272770488041e-09,5.5880172531917e-08,1.44506845556236e-06,182.178956218573,"wet","2011"
"rr_wet_2011","ff_wet_2011",0.000205340485825479,0.00119375620734835,0.0056704956964633,126.080172805231,"wet","2011"
"rr_wet_2011","fl_wet_2011",4.97446757074895e-05,0.000982163387789649,0.011432355197131,49.5102559969132,"wet","2011"
"rr_wet_2011","mk_wet_2011",0.0153228822179035,0.0497288505145961,0.133110883274821,58.8772561902472,"wet","2011"
"rr_wet_2011","nm_wet_2011",0.0326931863730136,0.105085568943388,0.265362278256461,35.2281854565515,"wet","2011"
"rr_wet_2011","rf_wet_2011",4.78034625660049e-10,9.15910419929851e-07,0.000345868988209815,32.2854034120115,"wet","2011"
"rr_wet_2011","sp_wet_2011",0.06501060687824,0.146827082773718,0.28753521029691,50.8191373522023,"wet","2011"
"rr_wet_2012","aa_wet_2012",0.15270018364694,0.296262530020015,0.498368634990448,32.1555345348603,"wet","2012"
"rr_wet_2012","ce_wet_2012",3.25515756961291e-12,3.71996666566726e-11,3.78498279136454e-10,783.192237713978,"wet","2012"
"rr_wet_2012","fl_wet_2012",4.46004882423216e-08,1.9362683935912e-06,5.25588975317678e-05,105.983851261419,"wet","2012"
"rr_wet_2012","rf_wet_2012",3.20777304181103e-09,8.41712900327107e-07,8.77378985275897e-05,57.2575278419444,"wet","2012"
"rr_wet_2013","aa_wet_2013",0.0992429420282905,0.291442960391529,0.611947530202697,13.7706732559805,"wet","2013"
"rr_wet_2013","ce_wet_2013",0.001114307864625,0.0880125529804643,0.748962409164014,3.95468650334113,"wet","2013"
"rr_wet_2013","ff_wet_2013",2.40424224159223e-05,0.00282028971805114,0.081287147957668,15.694618881427,"wet","2013"
"rr_wet_2013","fl_wet_2013",1.40474934303562e-07,2.22609740724715e-06,2.71274136602298e-05,187.572529833861,"wet","2013"
"rr_wet_2013","mk_wet_2013",0.00293231084674565,0.0558946918603004,0.380436199061708,10.4547760170834,"wet","2013"
"rr_wet_2013","nm_wet_2013",0.0769891679710425,0.385441746403536,0.87542323728163,4.39541798294815,"wet","2013"
"rr_wet_2014","aa_wet_2014",0.260348685425904,0.549381476649214,0.858726090969665,7.39974811351036,"wet","2014"
"rr_wet_2014","fl_wet_2014",0.000107433481994781,0.00442978613583272,0.0697408860222455,21.1755640375754,"wet","2014"
"rr_wet_2014","nm_wet_2014",0.0116339671857934,0.0357392409125361,0.0934571437394075,78.2183897023712,"wet","2014"
"rr_wet_2015","aa_wet_2015",0.0744776955544576,0.390857379713513,0.889235263522109,4.0814316307326,"wet","2015"
"rr_wet_2015","ff_wet_2015",0.000182931241015277,0.00301226865453671,0.0287384020098868,40.1484659493244,"wet","2015"
"rr_wet_2015","fl_wet_2015",3.5315038678634e-06,7.71737389508813e-05,0.00109726542956251,83.3227169994504,"wet","2015"
"rr_wet_2017","aa_wet_2017",0.0191036694228523,0.0953314828522181,0.314138268369903,21.3071191279637,"wet","2017"
"rr_wet_2017","ce_wet_2017",0.000312896384067124,0.0167212399833968,0.233786087000013,11.4044943302891,"wet","2017"
"rr_wet_2017","ff_wet_2017",1.22381658690034e-10,6.17683316030477e-07,0.000432700108116644,27.2811561999333,"wet","2017"
"rr_wet_2017","fl_wet_2017",4.3822977115474e-05,0.00186016222035261,0.0331503070855924,27.2972702432535,"wet","2017"
"rr_wet_2017","mk_wet_2017",2.67693825843064e-05,0.0033546005315963,0.0965718317118567,14.5225690796396,"wet","2017"
"rr_wet_2017","nm_wet_2017",0.00299331850497016,0.0376054844429348,0.230596255102089,17.1774335781555,"wet","2017"
"rr_wet_2017","rf_wet_2017",1.42867992230263e-11,2.70950378603417e-07,0.000444530836789152,23.2577088832556,"wet","2017"
"rr_wet_2017","sp_wet_2017",0.0912349732616071,0.256863931553455,0.540869654193454,17.5767995696009,"wet","2017"
"rr_wet_2019","aa_wet_2019",0.216375199515542,0.382412117227412,0.592760697536137,27.6109486829176,"wet","2019"
"rr_wet_2019","ce_wet_2019",5.19112140918698e-06,9.44453863389195e-05,0.00116284605392762,89.774911269165,"wet","2019"
"rr_wet_2019","ff_wet_2019",8.74571831894496e-08,3.51354600637023e-05,0.00359925500339035,28.2863259192794,"wet","2019"
"rr_wet_2019","fl_wet_2019",1.16929067484703e-06,7.9296298328295e-05,0.00248955441219091,46.3046733403487,"wet","2019"
"rr_wet_2019","mk_wet_2019",1.51419477883465e-06,5.28402702324955e-05,0.00107356007580199,68.8305944542298,"wet","2019"
"rr_wet_2019","rf_wet_2019",2.30601182781836e-10,3.81748146951062e-07,0.000142303772670817,37.4081558302875,"wet","2019"
"sp_dry_2010","aa_dry_2010",0.000247791844587216,0.00257046232159315,0.0181842383152303,58.8798323590806,"dry","2010"
"sp_dry_2010","ff_dry_2010",7.1638401184917e-06,0.00115079226083073,0.0451567892676341,18.039473291567,"dry","2010"
"sp_dry_2010","fl_dry_2010",3.32453764165253e-08,1.94057891790373e-05,0.00263964388480552,28.0727015830494,"dry","2010"
"sp_dry_2010","nm_dry_2010",0.041176746439471,0.23665450725317,0.682360239750863,7.75498503814871,"dry","2010"
"sp_dry_2010","rr_dry_2010",0.154942569267405,0.266954772456628,0.419177506170837,53.7656934867647,"dry","2010"
"sp_dry_2012","aa_dry_2012",2.71229739515319e-05,0.000823055499561288,0.0128763578932479,40.4687094327545,"dry","2012"
"sp_dry_2012","ff_dry_2012",5.56707727353851e-08,2.36066746810296e-06,6.25406371084775e-05,104.213625472709,"dry","2012"
"sp_dry_2012","fl_dry_2012",8.00745934049001e-11,2.21809767237096e-07,0.000119697213325602,35.3398648690018,"dry","2012"
"sp_dry_2012","nm_dry_2012",0.00919110314009883,0.0669210785964608,0.283494216721571,18.7661984669649,"dry","2012"
"sp_dry_2012","rf_dry_2012",2.39551913955525e-11,2.21389315865716e-07,0.000247176638098253,27.3191240444174,"dry","2012"
"sp_dry_2012","rr_dry_2012",0.0976225057336609,0.208785493704023,0.384790134088204,39.7342273948824,"dry","2012"
"sp_dry_2018","aa_dry_2018",0.00982608807947466,0.10702352102315,0.492561618340577,9.67108863504443,"dry","2018"
"sp_dry_2018","ce_dry_2018",0.000303399707150761,0.0180126697655105,0.258119776115098,10.5498288785054,"dry","2018"
"sp_dry_2018","rf_dry_2018",4.40245096148781e-10,1.48889953927903e-06,0.000749059132076694,26.52965706874,"dry","2018"
"sp_dry_2018","rr_dry_2018",0.0917682278232831,0.331454745010601,0.73209194050366,8.34718769090928,"dry","2018"
"sp_wet_2010","aa_wet_2010",0.0370307841319432,0.0787551057035244,0.15201662603527,99.1715702918127,"wet","2010"
"sp_wet_2010","cu_wet_2010",9.23992242829678e-08,1.29872114277831e-06,1.4467418730384e-05,220.723846809263,"wet","2010"
"sp_wet_2010","ff_wet_2010",8.96461392319878e-06,0.000144656649222005,0.00160282983364161,88.9591991806751,"wet","2010"
"sp_wet_2010","nm_wet_2010",0.0188705650330661,0.0651295832934721,0.178745825251231,45.004354328198,"wet","2010"
"sp_wet_2010","rf_wet_2010",1.32409062358931e-06,3.88931596844828e-05,0.000706888155606628,79.9986182420278,"wet","2010"
"sp_wet_2010","rr_wet_2010",0.218495737249761,0.285284377268839,0.363147641786433,186.961700252792,"wet","2010"
"sp_wet_2011","aa_wet_2011",0.0235096739473538,0.0867440865308023,0.242746492449969,33.3516945058698,"wet","2011"
"sp_wet_2011","cu_wet_2011",1.43413719569282e-07,8.24756464951522e-05,0.0093372262967915,21.7695169884862,"wet","2011"
"sp_wet_2011","ff_wet_2011",2.76808275420189e-09,3.36344325588435e-08,3.45806910451316e-07,390.083009183913,"wet","2011"
"sp_wet_2011","fl_wet_2011",5.92901098333523e-08,1.09899206515086e-05,0.000769913153090027,44.3145654078761,"wet","2011"
"sp_wet_2011","mk_wet_2011",0.0189469171887643,0.0668227026605557,0.185672122058362,42.8407820730702,"wet","2011"
"sp_wet_2011","nm_wet_2011",0.0263067956664676,0.0861506431638938,0.223794032844272,39.9511616001103,"wet","2011"
"sp_wet_2011","rf_wet_2011",2.58277384237878e-16,4.80644304934827e-11,7.50896804137214e-07,36.1838292753026,"wet","2011"
"sp_wet_2011","rr_wet_2011",0.06501060687824,0.146827082773718,0.28753521029691,50.8191373522023,"wet","2011"
"sp_wet_2017","aa_wet_2017",0.0282250387888854,0.0916061330798617,0.235448320944117,38.6696359427389,"wet","2017"
"sp_wet_2017","ce_wet_2017",0.00107498926319776,0.0116443596523241,0.0760932636968865,33.2345451139505,"wet","2017"
"sp_wet_2017","ff_wet_2017",5.43955733728712e-07,2.76134436630759e-05,0.000756274304142645,64.3017922578576,"wet","2017"
"sp_wet_2017","fl_wet_2017",0.000256022223439769,0.00614241477892788,0.0687069800524171,25.1352251693403,"wet","2017"
"sp_wet_2017","mk_wet_2017",0.0389943752821945,0.183765726363723,0.52546571071638,12.6923607769363,"wet","2017"
"sp_wet_2017","nm_wet_2017",0.0782081344488315,0.225195985311968,0.489609684786672,19.95237139492,"wet","2017"
"sp_wet_2017","rf_wet_2017",2.32664342602627e-05,0.000924424941448898,0.0169807042609475,34.1604454491599,"wet","2017"
"sp_wet_2017","rr_wet_2017",0.0912349732616071,0.256863931553455,0.540869654193454,17.5767995696009,"wet","2017"
