"id","group","year","season","hr_area","intersect_area","prop_river","low_hr_area","high_hr_area","low_intersect_area","high_intersect_area","low_prop_river","high_prop_river","group_size"
"aa_dry_1992","aa","1992","dry",1771349.9542028,689281.334269928,0.389127700392857,1158109.47159675,2428640.00695194,438591.306374674,934594.05653952,0.378713167564345,0.38482198014702,20
"aa_dry_1993","aa","1993","dry",2331024.84989703,1031439.01157893,0.44248306131292,1612803.09471423,3261985.56110095,702975.981637238,1327408.4747807,0.435872168115969,0.406932664144805,23
"aa_dry_1997","aa","1997","dry",2553847.6724761,1138265.29466893,0.445706025044681,1699549.40914331,3505422.1892341,907586.475243391,1313989.06582436,0.534015939966626,0.374844739061647,30
"aa_dry_2001","aa","2001","dry",8759777.69663429,2687008.25113601,0.306743885997064,5595843.45398701,12268885.0096294,2109567.05036358,3455161.5644458,0.376988217720874,0.281619850681946,31
"aa_dry_2002","aa","2002","dry",9961215.92576701,2834626.63823079,0.284566327981945,7026000.8380676,13008317.4567831,2293241.10276486,3562403.29852686,0.326393513980221,0.273855808820937,38
"aa_dry_2003","aa","2003","dry",10048699.8730988,3820277.42291827,0.380176288590873,6747734.44547159,14691910.7772038,2938067.43729394,4649975.27807616,0.435415391793563,0.316499014225648,37
"aa_dry_2004","aa","2004","dry",3640688.52269381,1169880.06402866,0.321334840027196,2716293.58199485,4783501.20798535,919381.473537451,1407346.286845,0.338469110861815,0.29420841046212,18
"aa_dry_2005","aa","2005","dry",4840650.75691807,1886497.73881267,0.389719860726693,3339065.77624716,6628175.44930632,1389832.42947809,2342271.05112823,0.416233917691839,0.353380967212232,20
"aa_dry_2006","aa","2006","dry",1905922.62069275,986407.324551992,0.517548463847634,1444081.64797628,2448433.1773268,751519.510594288,1123551.97253262,0.520413448676853,0.458886108445611,24
"aa_dry_2007","aa","2007","dry",1113662.64340304,507276.704352474,0.455503026304607,744465.254440988,1567382.65152576,334507.380799013,665118.550846632,0.449325712386929,0.424349823062784,21
"aa_dry_2008","aa","2008","dry",2094406.12049005,859887.527217907,0.410563891503865,1334484.02292588,3069360.47116065,544572.926846676,1201375.76113004,0.408077517220993,0.391409146113019,23
"aa_dry_2009","aa","2009","dry",3468207.77271502,1320266.3874978,0.380676843493795,2183097.79934886,5078225.83290176,853679.684930729,1708102.82302557,0.391040513707334,0.336358184773666,26
"aa_wet_1991","aa","1991","wet",2794843.48592909,1028467.99403857,0.367987688475756,1798370.39799026,3973202.29492357,754482.669515986,1209112.9777641,0.419536859792145,0.304316993702773,17
"aa_wet_1992","aa","1992","wet",3230262.33197577,1042174.07620755,0.32262830974787,2419164.30766123,3947756.12761227,834812.939717959,1205870.25914675,0.345083191362487,0.305457130624759,20
"aa_wet_1999","aa","1999","wet",10233471.602433,3450496.28564669,0.337177491636986,4822743.32184319,17186114.42667,1931682.81852548,4772623.21378415,0.400536103544323,0.27770228309302,29
"aa_wet_2001","aa","2001","wet",8011436.37264561,2501084.31794317,0.312189250667074,5196437.18016639,11511233.2272101,1813537.72108655,3287068.94422888,0.348996371592523,0.285553153111253,31
"aa_wet_2002","aa","2002","wet",7870352.21054775,2542684.1623061,0.323071203712894,6092007.42977305,9778816.75277341,1997156.6435272,2914764.48084419,0.327832273113561,0.298069240331917,38
"aa_wet_2003","aa","2003","wet",5950385.38031733,1920854.93960402,0.322811854499008,4814318.6427721,7367833.05676997,1542472.04711269,2312467.61850386,0.320392595830453,0.313859936929358,37
"aa_wet_2004","aa","2004","wet",4163810.12578854,1166791.48867508,0.28022206907288,3332225.93486195,5116494.45302869,931838.110857792,1364598.04238835,0.279644336570592,0.266705662424902,18
"aa_wet_2005","aa","2005","wet",4210412.60852729,1163223.98399702,0.276273157087066,3307934.52130347,5117811.41160434,899343.230688416,1376240.11152939,0.271874556432887,0.268911845483178,20
"aa_wet_2006","aa","2006","wet",3233630.47133387,907008.137111195,0.280492203778948,2449445.58873859,4015293.12107844,737045.754724496,1064990.71581678,0.300903093382882,0.265233616501388,24
"aa_wet_2007","aa","2007","wet",3180748.89005637,948454.324016907,0.298185853960983,2362681.35071064,4000310.04229789,731526.996674682,1190385.69533881,0.309617289887464,0.297573358752718,21
"aa_wet_2008","aa","2008","wet",4877723.48628322,1511861.17698223,0.309952210541204,3670468.26404343,6142070.51588714,1145767.34816334,1898202.08761018,0.312158358481801,0.309049217637647,23
"aa_wet_2009","aa","2009","wet",3330392.83814251,879066.667111738,0.263952845755586,2574825.05792384,4208548.13204593,736734.497424032,1095372.36308161,0.286129923723083,0.260273217440693,26
"cu_dry_2008","cu","2008","dry",1963492.82493359,318468.595589301,0.162194937279729,822728.366413671,3649088.94706949,133258.472499663,654185.344293424,0.161971408717249,0.1792736087781,7
"cu_dry_2009","cu","2009","dry",1577557.83873392,277486.470852639,0.175896226458066,538882.064241148,3069588.63605555,130815.423208978,496456.478141156,0.242753344172239,0.161733879357564,5
"cu_wet_2007","cu","2007","wet",320605.094663419,47569.6828780906,0.148374694195146,123315.258635402,614684.245590616,1413.91007606574,146555.911826192,0.0114658160856326,0.238424708096065,5
"cu_wet_2008","cu","2008","wet",915477.06015214,171190.96102504,0.186996450786643,441399.508382462,1519511.46922247,103699.825348783,252010.736476987,0.234934165941413,0.165849841598064,7
"cu_wet_2009","cu","2009","wet",527436.276415756,85525.5124115815,0.162153261419139,263688.80471501,846121.296146555,17800.4913768936,164437.18805907,0.0675056773689429,0.194342334613202,5
"ff_dry_2003","ff","2003","dry",1735630.36103746,593904.438116719,0.342183711145567,1214963.918525,2332361.08063459,490700.168612463,649736.895706979,0.403880445444163,0.278574746038121,32
"ff_dry_2004","ff","2004","dry",3080107.42019997,902700.800723792,0.293074454093288,2476918.13433534,3838685.28301385,789425.672568892,1039692.41378677,0.318712864032839,0.270845963431127,34
"ff_dry_2005","ff","2005","dry",3395785.89166061,851983.518500387,0.250894357206882,2620586.31913059,4270157.9048735,730392.249672146,1052995.82189121,0.278713295700354,0.246594117910589,34
"ff_dry_2006","ff","2006","dry",4297178.03503264,1485480.19997531,0.345687376195486,3142105.2167573,5691480.20361669,1160264.94875715,1837033.36582053,0.369263556983797,0.322768998590767,39
"ff_dry_2007","ff","2007","dry",3406954.11427083,947660.748853699,0.278154831872903,2378689.23398928,4600891.65438815,742783.492065309,1276483.9906461,0.312265882172255,0.277442740784525,38
"ff_dry_2008","ff","2008","dry",3603175.77052242,914145.103493356,0.253705387056601,2081883.90616117,5531907.34894388,609620.755213511,1236953.72970276,0.292821685882382,0.223603479175933,20
"ff_dry_2009","ff","2009","dry",2471345.58349725,621308.99186106,0.251405143825265,1379141.82589214,4003316.82985754,415187.800180617,846393.235303366,0.30104793603228,0.211422995299996,18
"ff_wet_2002","ff","2002","wet",2962755.37303446,879264.901553661,0.296772696644582,1578088.7712194,4803990.21917236,381515.19457196,1523746.88031516,0.241757752497764,0.31718359338743,28
"ff_wet_2003","ff","2003","wet",2409004.48874267,448876.738589013,0.18633287762087,1915643.22729492,3003021.9932114,380757.998776542,508695.972414201,0.198762480064835,0.169394687606069,32
"ff_wet_2004","ff","2004","wet",2649780.84607875,649383.259683765,0.245070553908165,2216407.54166069,3123792.75500268,591595.837598829,723124.160678328,0.266916542413298,0.231489159938751,34
"ff_wet_2005","ff","2005","wet",3168455.67903951,717550.962926079,0.226467098048093,2606748.75158036,3908630.76248978,661327.816631324,812723.363065954,0.253698334459886,0.20793045249131,34
"ff_wet_2006","ff","2006","wet",4665451.25330586,1045428.3636087,0.224078723975076,3537883.87638649,5987745.17219355,838870.96094862,1346039.24787661,0.237110937006056,0.224799020193356,39
"ff_wet_2007","ff","2007","wet",4955736.68020228,822066.842903643,0.165881864988454,3521138.28427797,6719082.58727455,696882.613063329,1148680.15727129,0.197914014389875,0.170957886341032,38
"ff_wet_2008","ff","2008","wet",2234747.4189421,388388.644590755,0.173795320803911,1499557.49326207,3141824.51336854,312980.298954068,461089.400598369,0.208715104529419,0.146758483370546,20
"ff_wet_2009","ff","2009","wet",2714592.64274596,548513.804637544,0.202061184429754,1961747.72717085,3633103.27190692,421913.575883364,670646.141586041,0.215070250899095,0.184593195236654,18
"fl_dry_2004","fl","2004","dry",1394173.90245977,821836.579148862,0.589479244805025,775452.97727576,2203200.49987993,562572.257728656,1001455.15561605,0.72547565644151,0.454545628357758,11
"fl_dry_2005","fl","2005","dry",1393604.72796209,765997.778903713,0.549652109765627,808936.765446532,2153320.5226735,524291.73826791,935593.938533762,0.648124502016547,0.434488934035772,15
"fl_dry_2006","fl","2006","dry",3321113.26263799,1237721.4944388,0.372682711054444,2074646.20856702,4857384.95371779,932493.739291689,1512871.46819465,0.449471208845663,0.311458013439251,17
"fl_dry_2007","fl","2007","dry",3241307.88794344,1312309.94294347,0.404870499289752,1849383.99611922,5000646.09930711,927543.095188248,1689988.74051558,0.501541646913037,0.337954077724025,19
"fl_dry_2008","fl","2008","dry",5157718.50480426,1744708.14999373,0.338271301229136,2664029.10507477,8558454.49908059,1231689.61778991,2323925.3293541,0.462340901397676,0.271535629429794,21
"fl_dry_2009","fl","2009","dry",2972868.05601501,1350198.6080588,0.454173741524432,1711367.85250929,4544129.37540541,932949.521360501,1752758.35694928,0.545148443680629,0.385719290131985,17
"fl_wet_2003","fl","2003","wet",10164596.7039923,2900401.16871753,0.285343457608931,5698981.49715387,15875302.5707647,1892320.26761934,3952632.63556866,0.332045343288864,0.248979987496281,10
"fl_wet_2004","fl","2004","wet",2143849.4632675,890367.347403727,0.415312438050894,1477576.58385074,2959631.86797788,753863.927117873,1042517.15899046,0.510202946742167,0.352245551303224,11
"fl_wet_2005","fl","2005","wet",6945727.40661022,2118856.12445983,0.305058923338011,4875089.47430383,9434649.86090041,1732483.60483409,2526834.42250213,0.35537472983129,0.267824928296912,15
"fl_wet_2006","fl","2006","wet",9626024.34621438,2410767.20548026,0.250442666543675,5988921.32924947,13926192.9618066,1935297.60537827,2825472.70887485,0.3231462727564,0.202889096583961,17
"fl_wet_2007","fl","2007","wet",6080723.0273513,1942587.35156697,0.31946650798419,4145649.49502301,8221698.63744677,1583002.91790042,2111641.48262428,0.381846781740922,0.25683761662177,19
"fl_wet_2008","fl","2008","wet",6706382.1546788,2019818.84073054,0.301178607801433,4030152.09507835,10339322.3725714,1527588.76411952,2399345.25301143,0.379039978661108,0.23206020342073,21
"fl_wet_2009","fl","2009","wet",4013260.06041726,1553253.84841407,0.387030450314894,2565349.76899392,5775107.21474873,1161900.83740125,1915909.92302029,0.452921021314348,0.331753134924899,17
"mk_dry_2005","mk","2005","dry",7029662.47812921,1632881.99961141,0.232284552023893,4103530.42120907,10620818.6940449,1074746.33102303,2515326.32884972,0.261907728396067,0.23682979639414,16
"mk_dry_2006","mk","2006","dry",3862698.82723127,820880.003570999,0.212514627799599,2432332.49994385,5429094.50994425,607209.240629995,1134863.18761923,0.249640721671076,0.209033603216991,19
"mk_dry_2007","mk","2007","dry",5723697.96918557,1493480.03553965,0.260929218064971,2478332.30611532,10131850.5781919,589520.47980497,2270156.46593841,0.237869828170468,0.22406138428697,15
"mk_wet_2004","mk","2004","wet",2789291.6693225,626497.983016972,0.224608272382337,1840189.42627143,3923156.49820997,305877.412424565,900406.742971638,0.166220611887946,0.229510788922764,13
"mk_wet_2006","mk","2006","wet",3274603.65160458,338519.455363918,0.103377230156707,2071940.69591987,4758451.95134797,89514.1443179296,888821.324122356,0.0432030436460868,0.18678791615634,19
"mk_wet_2007","mk","2007","wet",2154028.83269321,281459.107127626,0.130666360104249,1079958.94438356,3904969.08889944,36305.4850202786,666481.206425596,0.0336174677834646,0.170675155488474,15
"mk_wet_2008","mk","2008","wet",1374863.25781103,27141.6844486993,0.0197413701286284,646264.701226108,2384650.35290399,1e-10,271347.966361318,1e-10,0.11378941404591,16
"mk_wet_2009","mk","2009","wet",2170640.90250213,267456.344191481,0.123215380251602,1130621.75255446,3570446.58275376,72106.3276534807,448684.694091567,0.0637758184738333,0.125666267143958,18
"nm_wet_2009","nm","2009","wet",1515359.99869543,73413.2690576296,0.0484460914375666,741762.105759366,2511815.11450482,4678.35697876984,230763.977396929,0.00630708544214517,0.0918714025026567,13
"rf_dry_2008","rf","2008","dry",802518.982738419,221202.851742848,0.275635662832599,478907.347845927,1265933.32695524,114559.668574877,300327.305119983,0.239210505101152,0.23723785346762,15
"rf_dry_2009","rf","2009","dry",717286.122110158,173952.790848765,0.242515204862768,397071.12747804,1098705.20519543,51198.391954733,260990.527770946,0.128940102696247,0.237543725593365,18
"rf_wet_2007","rf","2007","wet",828838.655488092,161060.901159935,0.194321174686391,383920.97187669,1354659.1135552,38693.6633726056,231568.516101704,0.10078549026239,0.170942278972288,12
"rf_wet_2008","rf","2008","wet",566733.867960991,32784.8942703604,0.0578488354477821,378883.777325713,834534.74627806,2686.44287427755,97265.3237136803,0.00709041409278421,0.116550358325371,15
"rf_wet_2009","rf","2009","wet",726554.449225555,79822.3888273018,0.109864290160752,480504.350287587,1022704.89439583,19842.912919675,134442.391316869,0.0412960109680563,0.131457659050602,18
"rr_dry_1997","rr","1997","dry",1555135.51917063,690295.16148218,0.443881033500103,992806.579214467,2111801.05358999,466046.822077732,891146.664327616,0.469423583440069,0.42198419345075,29
"rr_dry_1999","rr","1999","dry",2039111.94304751,1024690.44017571,0.502517992535651,1319894.62978513,2665160.86120961,766678.850203072,1240025.390626,0.580863678737661,0.465272250044676,32
"rr_dry_2001","rr","2001","dry",2252487.25681743,970790.495086979,0.430986009864768,1475211.69600715,3250585.60037071,685974.994193833,1293496.63032846,0.465001054459176,0.397927262761808,32
"rr_dry_2002","rr","2002","dry",3036783.27284155,1267091.51960178,0.417247925109963,2029356.12652691,4319496.59381129,883199.970291258,1626396.33466401,0.435211917093521,0.376524509127802,36
"rr_dry_2003","rr","2003","dry",2041594.00039001,1003102.39113143,0.491332944228777,1453990.27023512,2608661.86949381,736271.446144059,1196616.36002403,0.506379898969338,0.458708878301739,39
"rr_dry_2004","rr","2004","dry",2307205.08404959,951631.679924541,0.412460810919436,1788391.09036088,2974035.86735607,774746.833338757,1124803.32428382,0.433208842022592,0.378207719896725,26
"rr_dry_2005","rr","2005","dry",1024153.86269084,496436.206291428,0.484728149134841,756383.999865098,1431031.6719574,372663.794555363,642474.994960879,0.492691271393668,0.448959312047991,26
"rr_dry_2006","rr","2006","dry",1279955.43826916,579057.875187469,0.452404714941097,946004.084411629,1750793.39109884,478904.591011635,724901.645511628,0.506239453828036,0.414041799104955,27
"rr_dry_2007","rr","2007","dry",968696.54121749,476647.900829199,0.49205079253213,544932.31779016,1486260.20021947,283316.112900778,691722.482400925,0.519910645141579,0.465411428159607,28
"rr_dry_2008","rr","2008","dry",979868.675885281,477746.806115476,0.487562076299507,702058.881609005,1380105.18768416,340858.846236711,617828.695893457,0.485513188659501,0.447667830979015,32
"rr_dry_2009","rr","2009","dry",1534300.97222534,715902.920802248,0.466598753283657,1053482.72059744,2199565.6374802,512582.924224628,937969.616674784,0.486560352820916,0.426434019831894,32
"rr_wet_1997","rr","1997","wet",915080.938625636,426812.950792008,0.466420982861953,453956.547749627,1519700.5393837,263927.066041647,620414.672245195,0.58139279486109,0.408247977918595,29
"rr_wet_1999","rr","1999","wet",3576066.4180831,1456581.94514464,0.407314007866056,1008361.42821441,7530213.98153106,520823.285901507,2618915.81180978,0.516504570016896,0.347787701416328,32
"rr_wet_2001","rr","2001","wet",1432134.78751364,601024.702752196,0.419670486320389,669363.260409617,2482563.8803904,385531.778212174,761618.476654302,0.575967940003531,0.306787061017956,32
"rr_wet_2002","rr","2002","wet",4187511.61356133,1249773.65807124,0.298452583157936,3575993.59076877,4986566.53188901,1092569.64380322,1491292.61875122,0.30552897147904,0.299062011749855,36
"rr_wet_2003","rr","2003","wet",3366816.6599061,923480.539959551,0.27428893023991,2683064.4556245,3942023.8322134,802642.577330344,1054339.45582613,0.299151433223219,0.267461461600078,39
"rr_wet_2004","rr","2004","wet",2654465.04525166,961892.593175434,0.362367775343691,2128841.8517041,3283219.76501313,789059.517403063,1128137.64034231,0.370652012863913,0.343607105550487,26
"rr_wet_2005","rr","2005","wet",2305791.19390124,848714.344716267,0.368079445771628,1730880.63435482,2988193.23082643,693966.853513514,1023917.58144175,0.400932819825665,0.34265440764638,26
"rr_wet_2006","rr","2006","wet",1308372.03661739,546577.111793395,0.417753587279726,895801.54099505,1711773.42069804,424638.986777613,689800.73754195,0.474032436141968,0.402974324289168,27
"rr_wet_2007","rr","2007","wet",1148235.47670439,524007.826744353,0.456359202772882,862201.673164821,1567483.65957146,431431.583293748,656057.018237142,0.500383607132335,0.418541535811929,28
"rr_wet_2008","rr","2008","wet",2079389.13288048,955577.019787447,0.459546991314575,1385922.49452705,2804384.08091426,725924.230870441,1156801.07729782,0.523784146470732,0.412497376935862,32
"rr_wet_2009","rr","2009","wet",2347295.88019037,911977.024956637,0.388522398327847,1506179.55428618,3320889.49492755,632483.783740393,1230513.63521561,0.419925885954643,0.370537362684048,32
"aa_dry_2010","aa","2010","dry",1159792.06499239,561475.188773779,0.484117115232603,653582.097710468,1795273.70032561,306275.694176468,792383.81413659,0.468610898691025,0.441372150660301,24
"aa_dry_2011","aa","2011","dry",1853477.21867385,768160.734308131,0.414443040663722,960854.985310801,2872675.64293854,323270.028577629,1230893.82554913,0.336439976395671,0.428483399639931,30
"aa_dry_2012","aa","2012","dry",1469953.47509065,735163.951272468,0.500127360307872,796340.438569743,2266517.63152383,470430.869404415,1035368.54668973,0.590740902533251,0.456810276827024,28
"aa_dry_2014","aa","2014","dry",3134914.79580477,1225825.15273666,0.391023435270741,2233836.44878699,4130772.83328387,901684.030624991,1554520.8713724,0.403648186112561,0.376326884607834,34
"aa_dry_2015","aa","2015","dry",1655165.1391364,740538.332190912,0.447410542115027,868285.532846308,2726784.99670682,383940.2913136,1151650.29413314,0.44218206660085,0.422347304801812,25
"aa_dry_2016","aa","2016","dry",2209266.24914937,951646.733172983,0.430752397335266,883929.647774181,4133910.48438745,426104.299888465,1661083.60148643,0.482056802779991,0.401818957560849,19
"aa_dry_2018","aa","2018","dry",2906981.99885887,1151755.63695266,0.396203222931819,1296081.2184404,5005368.6784456,559450.272157331,1664716.42694853,0.431647541988556,0.332586175743103,24
"aa_wet_2010","aa","2010","wet",4214024.63508377,1295650.23811803,0.307461476928996,3081456.74200865,5528756.5590067,1117375.25663306,1530732.61583394,0.362612669975272,0.276867429321024,24
"aa_wet_2011","aa","2011","wet",4690792.5838931,1222314.09104924,0.26057730526102,3062825.48084782,6568108.71591889,940557.205920053,1636496.3944922,0.307088083144619,0.249157933474196,30
"aa_wet_2012","aa","2012","wet",2644933.44177801,854613.573303041,0.323113451478212,1969386.08459299,3439719.25192416,650262.091139765,1048190.67760325,0.330185176094688,0.304731462318296,28
"aa_wet_2013","aa","2013","wet",3099468.33617788,898718.634605703,0.289958966225144,2215767.62711891,4036309.90858402,751703.697684195,1158879.03280208,0.339252044521298,0.287113492038233,32
"aa_wet_2014","aa","2014","wet",4322364.47057389,1299869.50111891,0.300731118342347,2642178.42280498,6055226.54524299,869373.584255569,1826982.8770987,0.329036667907017,0.301719987427058,34
"aa_wet_2015","aa","2015","wet",4325234.12132972,1736519.52603696,0.401485671601771,2078391.80483302,6838709.0364885,1053137.71429759,2482808.60688822,0.506707980587997,0.363052235976261,25
"aa_wet_2016","aa","2016","wet",4882229.91682162,1250337.15393901,0.256099605147844,2528362.7954829,8149259.12800839,847464.063620598,2022656.40743961,0.335182935429461,0.248201262920686,19
"aa_wet_2017","aa","2017","wet",1184005.75653938,395089.413664443,0.333688760787121,785286.926061269,1660080.94750087,266659.020186982,561959.073633338,0.339568903208987,0.338513055329817,22
"aa_wet_2018","aa","2018","wet",955310.620569971,298017.215455203,0.31195844475946,602613.900018398,1401595.88951729,149405.983483789,437193.994139399,0.247929866004133,0.311925853528271,24
"aa_wet_2019","aa","2019","wet",2432579.49857773,652498.377409107,0.268233115419499,1488569.33726135,3628391.87775692,393501.584720344,938020.587750316,0.264348844807124,0.258522403134196,26
"ce_dry_2015","ce","2015","dry",656442.8294915,208919.032723238,0.318259295916254,270605.329320232,1243160.08248823,124293.427635295,301498.717954461,0.459316259393425,0.242526060964732,16
"ce_dry_2016","ce","2016","dry",1966722.25709297,401738.379369701,0.204267978318156,721441.144278313,3785595.59956245,200983.852535707,847434.339676879,0.278586623634779,0.223857598464777,14
"ce_dry_2018","ce","2018","dry",920879.853630529,245546.027701524,0.26664284893786,248774.538246089,2050240.90119463,83218.8851022179,609907.359892691,0.334515283151274,0.297480827515104,18
"ce_dry_2019","ce","2019","dry",814857.505125251,224547.427209541,0.275566495733541,357054.643305464,1598469.68895128,94728.4346288537,337672.239402658,0.265305146999062,0.211247195825275,18
"ce_wet_2012","ce","2012","wet",698129.985669915,12637.4028892124,0.0181017907103442,330639.583383582,1209834.89836301,717.725838069431,89160.1186631482,0.00217071964198788,0.0736961041409768,7
"ce_wet_2013","ce","2013","wet",2948144.73728507,632199.030053299,0.21443961758658,789205.12571,6678123.02753807,220839.619014394,1339191.41933949,0.27982537342965,0.200534104241141,11
"ce_wet_2017","ce","2017","wet",1541136.7457633,363688.660840583,0.235987274873816,783152.419874133,2383294.08013119,212047.096487415,439038.674198633,0.270760954197773,0.184215065131395,19
"ce_wet_2019","ce","2019","wet",1060719.2906454,216961.80710741,0.204542152689048,437257.795601332,1975409.51995544,37488.5158671941,436822.30504569,0.0857355003028332,0.221129998935888,18
"cu_wet_2010","cu","2010","wet",917850.771767303,172481.399019394,0.187918781924958,306878.665917351,1825605.77021256,80309.2671862243,345454.892966867,0.261697133445742,0.189227542223776,8
"cu_wet_2011","cu","2011","wet",820149.211747968,183133.626076801,0.223293058694152,361956.563046598,1421835.98314189,91440.5700123693,299865.489019636,0.252628573005312,0.210900197051569,9
"ff_dry_2010","ff","2010","dry",1519018.32548724,367174.936704608,0.241718569515501,479592.73510849,3218211.06723192,142858.565567642,583014.817416882,0.297874748947824,0.181161149855329,19
"ff_dry_2011","ff","2011","dry",2712124.5055733,819114.025176707,0.302019329678067,1425204.31155456,4463133.75648023,492054.024108886,1081474.55087617,0.345251568578382,0.242312825446005,22
"ff_dry_2012","ff","2012","dry",1319691.40635853,399016.588980813,0.302355980389259,759030.38577532,2048972.15623651,280708.448705321,527109.567673777,0.36982504780568,0.257255603044385,23
"ff_dry_2013","ff","2013","dry",784526.141536758,234491.616132604,0.298895860465878,242350.324074211,1609931.67741271,114280.426513115,387961.308149344,0.471550541348237,0.240979982934947,20
"ff_dry_2015","ff","2015","dry",2761668.47165082,728958.818833769,0.263955947760096,1141838.12748082,5062410.95533094,421676.388479165,1150345.77639194,0.369296118539575,0.227232792150264,16
"ff_dry_2019","ff","2019","dry",840546.707142981,418296.38939693,0.497648001999461,356777.706141377,1546034.80631525,228247.219694429,515968.566195161,0.639746306356887,0.33373670766501,19
"ff_wet_2010","ff","2010","wet",2538746.9986358,386270.765523212,0.152150161371249,1233563.93095015,4254820.52101581,283060.945942158,580252.594363592,0.22946597159673,0.136375339805182,19
"ff_wet_2011","ff","2011","wet",2703885.86166427,446528.237412382,0.165143153319918,2035910.92533793,3542861.86853828,398876.639486137,552158.354563604,0.195920476933405,0.155850940581947,22
"ff_wet_2013","ff","2013","wet",1429772.72361691,235466.853897614,0.164688310252521,715216.874940609,2402194.15768706,159755.755423398,335265.15664721,0.223366870974156,0.13956621931427,20
"ff_wet_2015","ff","2015","wet",2967706.2492442,792029.608857743,0.266882751303116,1408751.06422904,5171913.67950362,494250.588411317,1090410.88107747,0.350843098515638,0.210833155510461,16
"ff_wet_2016","ff","2016","wet",1304263.33894493,231986.08186662,0.17786751719502,644575.712754118,2205213.78702642,118347.289030256,351261.477193711,0.183604946150679,0.159286813487305,10
"ff_wet_2017","ff","2017","wet",919277.054788907,273609.128007949,0.29763511074556,504403.942761863,1475834.81123215,191617.132337979,328476.955878762,0.379888252436686,0.222570272349466,16
"ff_wet_2019","ff","2019","wet",1061018.50591302,304192.904546495,0.286698962224728,538463.760541854,1773233.07702516,219479.334568808,384143.05825284,0.407602796422079,0.216634272860109,19
"fl_dry_2010","fl","2010","dry",3120098.91919898,1080928.87200533,0.346440577686183,1500732.47836874,5295677.51316225,805717.473080187,1571673.41923211,0.536882812022554,0.29678420094988,16
"fl_dry_2012","fl","2012","dry",2670918.31566868,1185163.55913169,0.443728867400789,1468507.99472883,4266100.54876921,796273.774883797,1506244.28098962,0.542233190246153,0.353072850433442,19
"fl_dry_2014","fl","2014","dry",2940180.47939422,1474536.36709701,0.50151219540129,1996701.15508733,4021938.60793036,1194126.73899453,1736619.29931554,0.598049806277743,0.431786625457514,23
"fl_dry_2015","fl","2015","dry",3604472.47069973,1589292.22609999,0.440922281698399,2234953.14835858,5357853.01691015,1183683.23665251,1991959.39413486,0.52962328875746,0.37178313549251,21
"fl_dry_2016","fl","2016","dry",2729583.88497574,1372925.21025984,0.502979673135063,1433964.19071604,4428960.41516747,894645.642313375,1701412.6474762,0.623896780760364,0.384156210032838,25
"fl_wet_2011","fl","2011","wet",5534013.78116671,1846532.51889195,0.333669663992534,3509462.70902143,8096590.48366155,1341189.72122895,2160448.24282886,0.382163833164915,0.266834323310351,19
"fl_wet_2012","fl","2012","wet",7778992.54265253,2233770.43921401,0.287154207561731,4225016.13111974,12312029.9968633,1822037.8112021,2534302.48905231,0.431249906427982,0.205839531718,19
"fl_wet_2013","fl","2013","wet",4493724.21590699,1654133.34051717,0.368098543889683,2899902.73027391,6631956.75461677,1211138.40394549,2018219.480582,0.41764794084355,0.304317346336289,21
"fl_wet_2014","fl","2014","wet",5921075.58861024,2019669.68134594,0.341098445902458,2308262.50368844,11197721.8757166,1190924.74822687,2419311.3558265,0.515939909920926,0.216053888699719,23
"fl_wet_2015","fl","2015","wet",6590965.77379836,2073249.97397247,0.314559359754899,3726200.55163012,10409922.9898272,1581111.06600306,2413594.50981022,0.424322589215271,0.231855174353243,21
"fl_wet_2016","fl","2016","wet",7068797.83852283,2229657.67863073,0.315422470632809,3772784.26985589,11520048.618327,1677211.79295963,2512708.21981239,0.444555445791152,0.218116112445477,25
"fl_wet_2017","fl","2017","wet",9880114.06893033,2543192.8679261,0.257405213156758,4843103.01741046,17055280.7149501,1775090.05533008,3317995.44177579,0.366519161155319,0.194543584314467,26
"fl_wet_2018","fl","2018","wet",7913236.28179519,2176863.40518245,0.275091419952976,4221235.11202572,12854720.7008672,1677920.79278601,2436687.65010875,0.39749522314117,0.189555860979878,27
"fl_wet_2019","fl","2019","wet",5623430.74320076,1952405.27304066,0.347191129792307,2675503.47237361,9609045.73820134,1322176.89250607,2223824.04526736,0.494178724176008,0.231430269545541,28
"mk_dry_2017","mk","2017","dry",4474111.49183601,1194478.5468577,0.26697558812231,1961382.38538025,7913194.35095635,540238.146660933,1975001.70628718,0.275437441820503,0.249583369078821,19
"mk_wet_2011","mk","2011","wet",1716743.4805259,165975.241163473,0.0966802804532153,1209876.88289066,2327069.79779566,26515.3228075343,288871.234438394,0.0219157198410002,0.124135182671371,17
"mk_wet_2013","mk","2013","wet",1753535.53030541,30024.1213995619,0.017122049072101,673112.184368745,3351409.41642539,1e-10,415911.719470986,1e-10,0.124100540337622,23
"mk_wet_2017","mk","2017","wet",1058860.00258426,32204.7864662895,0.0304145839749263,452993.213566189,1867078.12448589,277.76059427437,182501.008385131,0.000613167230669308,0.0977468516136056,19
"mk_wet_2019","mk","2019","wet",1184711.58775061,91264.6059493782,0.0770352944066841,635462.894868888,1930897.98342123,8125.22988730446,225365.297173358,0.0127863167982151,0.116715279164593,19
"nm_dry_2010","nm","2010","dry",1643974.59895615,591508.272214402,0.35980377834912,772789.92182925,2726278.94843621,394122.851047584,930354.035064702,0.509999988243463,0.341254160950167,15
"nm_dry_2011","nm","2011","dry",2183099.4372349,435536.447956713,0.199503715006386,1380293.6232958,2828308.75702521,336464.369118475,553156.356834829,0.243762894676774,0.195578490311869,12
"nm_dry_2012","nm","2012","dry",1408327.6802992,366919.460134427,0.26053557369296,642454.859182821,2439201.33205783,269953.887264212,475993.24297108,0.420191214068461,0.195143072740744,14
"nm_wet_2010","nm","2010","wet",2925708.11956412,562624.304529524,0.192303634380775,1633703.94866364,4591815.95762831,306941.444164086,795905.942571967,0.18788070165048,0.173331411780505,15
"nm_wet_2011","nm","2011","wet",2430441.55949647,240340.034871377,0.0988873951452548,1372735.60059129,3810795.83065765,124281.812559549,353775.792537969,0.0905358704953932,0.0928351473704945,12
"nm_wet_2013","nm","2013","wet",2645627.10203844,522581.124152262,0.197526372386198,1137408.41176335,5026858.47664423,146123.420410333,1120297.2524554,0.128470493886883,0.222862302103892,16
"nm_wet_2014","nm","2014","wet",2361282.85487684,97150.7587277296,0.0411432109995128,972071.555451022,3456174.13089778,1e-10,540647.500221946,1e-10,0.156429473673974,14
"nm_wet_2016","nm","2016","wet",1002535.86886889,243413.966623333,0.242798262069132,508966.964377174,1762719.62018047,185603.465622086,274591.884592421,0.364667018908015,0.155777402967982,12
"nm_wet_2017","nm","2017","wet",1775789.9640612,193228.666472688,0.108812793395215,862900.239502309,3151584.8532061,49899.8291943092,469380.82648191,0.057828039569313,0.14893485288978,12
"rf_dry_2012","rf","2012","dry",701135.56725539,194123.865282183,0.276870657185578,257825.733464661,1354041.71925996,65665.3160978571,332042.085787733,0.254688759013489,0.245222935944106,24
"rf_dry_2017","rf","2017","dry",2002935.86707087,374772.746346271,0.187111705625576,1017335.63392379,3377392.38553831,241642.48815784,532554.323923638,0.237524844407389,0.157682100014197,22
"rf_dry_2018","rf","2018","dry",1161286.23955299,247751.895808316,0.213342660379479,589861.830985653,1972388.75007699,163154.233429544,363241.970425294,0.276597373925543,0.184163477109224,26
"rf_dry_2019","rf","2019","dry",3856033.07962111,851878.522681063,0.22092095816895,2624278.40374616,5648658.17262139,609988.734286297,1041803.72323519,0.232440557151077,0.184433840993377,27
"rf_wet_2010","rf","2010","wet",1664823.78616614,178757.04722783,0.107372953650238,904645.76674812,2581847.25451242,77704.3474238659,297863.839642298,0.0858947781330868,0.115368497931745,21
"rf_wet_2011","rf","2011","wet",1782964.47492441,230534.604109288,0.129298484266806,1133668.53024422,2547971.70437075,119148.210312976,342921.174646897,0.105099689313337,0.134585943030158,22
"rf_wet_2012","rf","2012","wet",2188142.64561875,325140.678221749,0.148592085105954,1430123.76648351,2933499.34374252,141540.263545736,484136.734739647,0.0989706393690424,0.165037273920774,24
"rf_wet_2016","rf","2016","wet",3345919.17574845,741578.648506681,0.221636748993137,1825677.84281519,5259554.5731123,458476.751093428,1011215.66299714,0.251126863864688,0.192262604929824,19
"rf_wet_2017","rf","2017","wet",3143984.59448571,834007.176421058,0.265270757968674,1895379.15227035,4657249.38804416,549929.372693359,1022364.01498072,0.290142144928963,0.219520994002442,22
"rf_wet_2018","rf","2018","wet",3828946.10245516,607486.576049418,0.158656340359529,1434246.69366578,7215674.68828201,355389.666612725,1190321.30825868,0.247788381303071,0.164963272276079,26
"rf_wet_2019","rf","2019","wet",2462934.93269225,497788.850790478,0.202112059146582,1654193.07009233,3463531.53197228,390001.288094032,626756.381796303,0.235765277430563,0.180958763045937,27
"rr_dry_2010","rr","2010","dry",1774987.74002186,825150.470330355,0.464876715328857,1262389.71605526,2395978.39669236,622549.55185445,1028572.84756083,0.493151634504601,0.429291369647058,27
"rr_dry_2011","rr","2011","dry",860874.420832874,359984.527957399,0.418161487025161,469934.029810509,1281966.29085936,237904.078572123,517861.538551363,0.506249948887619,0.403958779761842,27
"rr_dry_2012","rr","2012","dry",1699179.93924703,669268.650719138,0.393877443618901,1164404.8500619,2398211.24300057,535663.810128201,852811.629120367,0.460032273225009,0.355603215358692,22
"rr_dry_2014","rr","2014","dry",937569.117120219,425397.811635643,0.4537242149595,289652.875226517,1878372.43232102,160084.408524329,739563.744964509,0.552676745912287,0.393725829999891,25
"rr_dry_2015","rr","2015","dry",1463047.00862664,607332.884464369,0.415115085765065,485450.691776553,2949843.37720221,293906.956139619,1033757.52536027,0.605431120231879,0.350444885769068,23
"rr_dry_2018","rr","2018","dry",1484602.17960941,639415.51346182,0.430698218178587,537937.403835758,2625242.01800946,308491.369914692,984378.216443896,0.573470756476491,0.374966654384986,21
"rr_dry_2019","rr","2019","dry",509997.181807519,200945.919191157,0.394013783525175,171980.143983829,963106.81954688,80383.6215534196,363468.036786968,0.467400594576651,0.377391198369846,17
"rr_wet_2010","rr","2010","wet",1521345.24349544,740158.732193025,0.486515953796549,1028736.94963236,2022547.94851191,554527.563629188,881173.089875352,0.53903727656264,0.435674758921625,27
"rr_wet_2011","rr","2011","wet",2246954.72119769,756529.109489337,0.336690856452188,1163608.79997188,3426688.43337385,474904.731297099,1087714.13690772,0.4081309210695,0.317424288217759,27
"rr_wet_2012","rr","2012","wet",2085808.20256914,729264.30044308,0.349631523907533,1305920.88589724,2930945.58751776,476811.536160203,991920.298990865,0.365115177580308,0.338430130949968,22
"rr_wet_2013","rr","2013","wet",1558921.27223386,628442.020888892,0.403126207899109,633871.153960037,2945378.72474167,319168.615461977,1027666.3555729,0.503522858656697,0.348908052788028,24
"rr_wet_2014","rr","2014","wet",2253874.94999824,792540.345747674,0.351634568611844,1338550.53197682,3419450.4987366,545344.799297284,1094565.235999,0.407414427972246,0.320099745968953,25
"rr_wet_2015","rr","2015","wet",2318309.71018047,918727.580241064,0.396291995071506,954048.183073941,4269704.53981369,489722.195735041,1340170.96603475,0.513309709533911,0.313879087777167,23
"rr_wet_2017","rr","2017","wet",766897.081407631,310077.451946361,0.404327333437255,323447.661658596,1420313.26162379,176819.737171057,493753.021454027,0.546671867294849,0.347636704377129,13
"rr_wet_2019","rr","2019","wet",939724.571876854,405380.448203983,0.431382194672575,461993.192060207,1495048.60326253,253693.248249657,565714.231412056,0.549127676791816,0.378391866443366,17
"sp_dry_2010","sp","2010","dry",1393928.44650522,617699.127322192,0.44313546285023,1034619.40676528,2000155.36287289,501862.58411423,777316.968935144,0.48506975689089,0.388628295263352,26
"sp_dry_2012","sp","2012","dry",1188661.97920801,428900.572610948,0.360826357798303,772509.725494218,1731018.3398926,340791.844019639,566907.37595114,0.441148936735541,0.327499346994968,30
"sp_dry_2018","sp","2018","dry",1073562.45294663,543092.507156429,0.50587882024543,691877.116789478,1642710.234839,425886.949138056,711066.74888038,0.615552876086294,0.432861945947559,28
"sp_wet_2010","sp","2010","wet",2502115.79419666,658295.685186559,0.263095611607342,1905610.13121757,3201847.82483625,434152.279333236,978368.354392423,0.227828490319707,0.305563664457557,26
"sp_wet_2011","sp","2011","wet",640249.540260158,179960.066401455,0.281078009565348,347489.478663743,1068056.95612868,110429.010715879,304750.972465239,0.317790947629636,0.285332135815912,26
"sp_wet_2017","sp","2017","wet",2341023.72936129,757807.206088671,0.323707614145127,1404409.02906308,3410907.62577281,575056.367323042,954917.588733084,0.409465017258311,0.279959967698254,29
"mk_wet_2005","mk","2005","wet",1050323.22592708,1e-10,1e-10,673879.424855839,1519016.5901894,1e-10,7206.49860574653,1e-10,0.0047441868984775,16
